t_abs[s];t_nxtSIO[ms];t_2resp[ms];t_SIOxmit[ms];;xPos;yPos;;xPosMeas;yPosMeas;xPosRef;yPosRef;xDotDif;yDotDif;xAlfaPlt;yAlfaPlt;xThetaSrv;yThetaSrv;xPWMcmd;yPWMcmd;xPosEst;xDotEst
91.9194;34.3;;0.048248;;389;315;;;;;;;;;;;
91.9341;;14.7;;;;;;389;315;400;300;-20.0;20.0;-0.5;0.6;-3.0;4.1;1502;1530;389.0;-2.7;315.0;3.6
91.9682;34.1;;0.055776;;388;316;;;;;;;;;;;
91.9830;;14.8;;;;;;388;316;400;300;-20.0;20.0;-0.5;0.7;-3.3;4.4;1505;1533;388.0;-4.0;316.1;3.7
92.0173;34.3;;0.048248;;388;317;;;;;;;;;;;
92.0320;;14.7;;;;;;388;317;400;300;0.0;20.0;-0.5;0.7;-3.5;4.7;1506;1535;387.9;-0.1;317.1;3.4
92.0665;34.5;;0.052012;;387;318;;;;;;;;;;;
92.0812;;14.7;;;;;;387;318;400;300;-20.0;20.0;-0.5;0.7;-3.2;4.9;1504;1537;387.1;-1.1;318.0;2.9
92.1153;34.1;;0.047564;;387;319;;;;;;;;;;;
92.1301;;14.8;;;;;;387;319;400;300;0.0;20.0;-0.5;0.8;-3.4;5.1;1505;1538;387.0;2.1;319.0;2.3
92.1641;34.0;;0.049959;;387;319;;;;;;;;;;;
92.1788;;14.7;;;;;;387;319;400;300;0.0;0.0;-0.4;0.7;-3.0;5.0;1502;1538;387.2;5.1;319.0;-3.1
92.2135;34.6;;0.048590;;386;318;;;;;;;;;;;
92.2282;;14.7;;;;;;386;318;400;300;-20.0;-20.0;-0.4;0.6;-2.8;4.1;1501;1531;386.3;2.2;317.7;-12.4
92.2620;33.8;;0.053039;;386;318;;;;;;;;;;;
92.2767;;14.7;;;;;;386;318;400;300;0.0;0.0;-0.5;0.4;-3.2;2.9;1504;1522;386.2;4.0;317.3;-14.2
92.3113;34.6;;0.048590;;387;317;;;;;;;;;;;
92.3261;;14.8;;;;;;387;317;400;300;20.0;-20.0;-0.4;0.4;-2.7;2.5;1500;1518;387.3;10.9;316.2;-18.3
92.3599;33.8;;0.049275;;387;317;;;;;;;;;;;
92.3746;;14.7;;;;;;387;317;400;300;0.0;0.0;-0.3;0.3;-1.9;1.9;1494;1514;387.6;11.5;316.0;-16.5
92.4093;34.7;;0.045168;;388;316;;;;;;;;;;;
92.4241;;14.8;;;;;;388;316;400;300;20.0;-20.0;-0.2;0.3;-1.5;1.9;1491;1514;388.6;15.2;315.1;-18.7
92.4544;30.4;;0.048933;;389;315;;;;;;;;;;;
92.4692;;14.7;;;;;;389;315;400;300;20.0;-20.0;-0.1;0.2;-0.8;1.4;1486;1510;389.8;18.0;314.0;-20.8
92.5071;37.9;;0.052697;;389;314;;;;;;;;;;;
92.5219;;14.7;;;;;;389;314;400;300;0.0;-20.0;-0.1;0.1;-0.5;0.9;1483;1506;389.9;14.6;312.9;-21.9
92.5562;34.3;;0.048248;;390;313;;;;;;;;;;;
92.5710;;14.8;;;;;;390;313;400;300;20.0;-20.0;-0.1;0.1;-0.7;0.5;1485;1503;390.7;15.8;311.9;-22.1
92.6018;30.8;;0.054065;;391;312;;;;;;;;;;;
92.6165;;14.7;;;;;;391;312;400;300;20.0;-20.0;-0.0;0.0;-0.3;0.2;1482;1501;391.8;17.3;310.9;-21.8
92.6502;33.6;;0.057829;;391;312;;;;;;;;;;;
92.6649;;14.7;;;;;;391;312;400;300;0.0;0.0;-0.0;0.0;-0.1;0.3;1480;1502;391.9;13.4;310.9;-16.6
92.7022;37.3;;0.050301;;392;311;;;;;;;;;;;
92.7169;;14.7;;;;;;392;311;400;300;20.0;-20.0;-0.0;0.1;-0.3;0.7;1482;1505;392.7;14.4;310.2;-16.8
92.7521;35.2;;0.054407;;392;310;;;;;;;;;;;
92.7668;;14.7;;;;;;392;310;400;300;0.0;-20.0;-0.0;0.1;-0.2;0.4;1481;1503;392.7;11.2;309.2;-18.0
92.8011;34.3;;0.051328;;392;310;;;;;;;;;;;
92.8158;;14.7;;;;;;392;310;400;300;0.0;0.0;-0.1;0.0;-0.6;0.3;1484;1501;392.6;8.2;309.1;-14.0
92.8498;34.0;;0.048590;;392;310;;;;;;;;;;;
92.8645;;14.7;;;;;;392;310;400;300;0.0;0.0;-0.1;0.1;-1.0;0.7;1487;1505;392.4;6.4;309.3;-10.3
92.8990;34.5;;0.048248;;392;311;;;;;;;;;;;
92.9138;;14.7;;;;;;392;311;400;300;0.0;20.0;-0.2;0.2;-1.2;1.5;1489;1511;392.4;5.5;310.4;-3.2
92.9480;34.2;;0.047906;;391;311;;;;;;;;;;;
92.9627;;14.7;;;;;;391;311;400;300;-20.0;0.0;-0.2;0.3;-1.6;2.3;1491;1517;391.3;0.4;310.8;-2.9
92.9972;34.5;;0.053039;;391;312;;;;;;;;;;;
93.0120;;14.7;;;;;;391;312;400;300;0.0;20.0;-0.3;0.4;-2.2;2.6;1496;1519;391.1;1.1;311.8;0.4
93.0462;34.2;;0.047906;;391;313;;;;;;;;;;;
93.0609;;14.7;;;;;;391;313;400;300;0.0;20.0;-0.3;0.5;-2.1;3.3;1495;1524;391.1;3.0;312.9;3.0
93.0954;34.5;;0.051670;;390;313;;;;;;;;;;;
93.1102;;14.7;;;;;;390;313;400;300;-20.0;0.0;-0.3;0.5;-2.1;3.6;1496;1527;390.2;-0.3;313.1;-0.5
93.1408;30.6;;0.044142;;390;314;;;;;;;;;;;
93.1555;;14.8;;;;;;390;314;400;300;0.0;20.0;-0.4;0.5;-2.5;3.4;1499;1525;390.1;1.3;313.9;0.6
93.1897;34.2;;0.047906;;389;315;;;;;;;;;;;
93.2044;;14.7;;;;;;389;315;400;300;-20.0;20.0;-0.4;0.6;-2.6;3.8;1499;1528;389.1;-1.2;314.9;2.1
93.2384;34.0;;0.046195;;389;316;;;;;;;;;;;
93.2531;;14.7;;;;;;389;316;400;300;0.0;20.0;-0.4;0.6;-2.9;4.2;1501;1532;389.0;1.2;316.0;3.0
93.2876;34.5;;0.049275;;388;317;;;;;;;;;;;
93.3023;;14.7;;;;;;388;317;400;300;-20.0;20.0;-0.4;0.7;-2.8;4.6;1501;1534;388.1;-0.9;317.0;3.1
93.3364;34.1;;0.054407;;388;318;;;;;;;;;;;
93.3512;;14.7;;;;;;388;318;400;300;0.0;20.0;-0.5;0.7;-3.1;4.9;1503;1536;388.0;1.8;318.0;2.8
93.3854;34.2;;0.050986;;387;318;;;;;;;;;;;
93.4002;;14.7;;;;;;387;318;400;300;-20.0;0.0;-0.5;0.7;-3.0;4.8;1502;1536;387.2;-0.2;318.0;-2.5
93.4341;33.9;;0.055434;;387;318;;;;;;;;;;;
93.4488;;14.7;;;;;;387;318;400;300;0.0;0.0;-0.5;0.6;-3.3;4.2;1504;1531;387.1;2.4;317.8;-7.0
93.4832;34.4;;0.048590;;388;318;;;;;;;;;;;
93.4980;;14.7;;;;;;388;318;400;300;20.0;0.0;-0.4;0.5;-2.7;3.6;1500;1527;388.2;9.9;317.6;-9.6
93.5321;34.1;;0.047222;;388;318;;;;;;;;;;;
93.5468;;14.7;;;;;;388;318;400;300;0.0;0.0;-0.3;0.5;-1.8;3.3;1493;1524;388.5;10.8;317.4;-10.9
93.5856;38.8;;0.061251;;389;317;;;;;;;;;;;
93.6004;;14.7;;;;;;389;317;400;300;20.0;-20.0;-0.2;0.4;-1.4;2.9;1490;1521;389.6;14.6;316.4;-16.1
93.6343;34.0;;0.049959;;389;316;;;;;;;;;;;
93.6491;;14.7;;;;;;389;316;400;300;0.0;-20.0;-0.1;0.3;-0.9;2.0;1487;1515;389.8;12.7;315.1;-20.1
93.6831;34.0;;0.053039;;390;315;;;;;;;;;;;
93.6978;;14.7;;;;;;390;315;400;300;20.0;-20.0;-0.1;0.2;-0.9;1.2;1486;1509;390.7;14.9;314.0;-22.1
93.7325;34.7;;0.051670;;390;314;;;;;;;;;;;
93.7473;;14.7;;;;;;390;314;400;300;0.0;-20.0;-0.1;0.1;-0.6;0.7;1484;1505;390.8;12.3;312.9;-22.7
93.7812;34.0;;0.047222;;391;313;;;;;;;;;;;
93.7960;;14.7;;;;;;391;313;400;300;20.0;-20.0;-0.1;0.1;-0.7;0.4;1485;1503;391.6;14.2;311.9;-22.5
93.8262;30.3;;0.060225;;391;313;;;;;;;;;;;
93.8410;;14.7;;;;;;391;313;400;300;0.0;0.0;-0.1;0.1;-0.5;0.4;1483;1503;391.7;11.6;311.9;-17.2
93.8792;38.2;;0.047906;;391;312;;;;;;;;;;;
93.8939;;14.7;;;;;;391;312;400;300;0.0;-20.0;-0.1;0.1;-0.8;0.8;1486;1506;391.6;8.8;311.1;-17.5
93.9243;30.4;;0.045853;;392;312;;;;;;;;;;;
93.9391;;14.7;;;;;;392;312;400;300;20.0;0.0;-0.1;0.1;-0.9;0.8;1486;1506;392.5;11.8;311.1;-13.9
93.9771;38.0;;0.049275;;392;312;;;;;;;;;;;
93.9919;;14.7;;;;;;392;312;400;300;0.0;0.0;-0.1;0.2;-0.5;1.3;1484;1509;392.6;10.0;311.3;-10.8
94.0224;30.5;;0.058514;;392;312;;;;;;;;;;;
94.0371;;14.7;;;;;;392;312;400;300;0.0;0.0;-0.1;0.2;-0.7;1.6;1485;1512;392.5;7.8;311.4;-8.9
94.0712;34.1;;0.045853;;392;312;;;;;;;;;;;
94.0859;;14.7;;;;;;392;312;400;300;0.0;0.0;-0.2;0.3;-1.0;1.9;1487;1514;392.4;6.3;311.5;-8.0
94.1239;38.0;;0.052354;;392;312;;;;;;;;;;;
94.1386;;14.7;;;;;;392;312;400;300;0.0;0.0;-0.2;0.3;-1.2;2.0;1489;1515;392.3;5.5;311.5;-7.6
94.1732;34.6;;0.049959;;391;312;;;;;;;;;;;
94.1880;;14.8;;;;;;391;312;400;300;-20.0;0.0;-0.2;0.3;-1.6;2.0;1491;1515;391.3;0.4;311.6;-7.5
94.2181;30.2;;0.048248;;391;313;;;;;;;;;;;
94.2329;;14.7;;;;;;391;313;400;300;0.0;20.0;-0.3;0.3;-2.2;2.3;1496;1517;391.1;1.2;312.6;-2.8
94.2710;38.1;;0.052012;;390;313;;;;;;;;;;;
94.2858;;14.7;;;;;;390;313;400;300;-20.0;0.0;-0.4;0.4;-2.3;2.9;1497;1521;390.1;-1.7;312.8;-3.7
94.3162;30.4;;0.058172;;390;314;;;;;;;;;;;
94.3309;;14.7;;;;;;390;314;400;300;0.0;20.0;-0.4;0.5;-2.7;3.0;1500;1522;390.0;0.5;313.7;-0.8
94.3653;34.4;;0.044484;;389;314;;;;;;;;;;;
94.3801;;14.7;;;;;;389;314;400;300;-20.0;0.0;-0.4;0.5;-2.7;3.4;1500;1525;389.1;-1.5;313.9;-3.1
94.4166;36.5;;0.048590;;389;315;;;;;;;;;;;
94.4313;;14.7;;;;;;389;315;400;300;0.0;20.0;-0.4;0.5;-2.9;3.3;1502;1525;389.0;1.1;314.8;-1.0
94.4670;35.7;;0.049959;;388;316;;;;;;;;;;;
94.4818;;14.7;;;;;;388;316;400;300;-20.0;20.0;-0.4;0.6;-2.8;3.8;1501;1529;388.1;-0.9;315.8;1.1
94.5159;34.1;;0.048933;;388;316;;;;;;;;;;;
94.5306;;14.7;;;;;;388;316;400;300;0.0;0.0;-0.5;0.6;-3.1;4.1;1503;1531;388.0;1.8;315.9;-2.5
94.5651;34.5;;0.051328;;387;317;;;;;;;;;;;
94.5799;;14.7;;;;;;387;317;400;300;-20.0;20.0;-0.5;0.6;-3.0;3.9;1502;1529;387.2;-0.2;316.8;-1.4
94.6137;33.9;;0.049275;;387;317;;;;;;;;;;;
94.6285;;14.7;;;;;;387;317;400;300;0.0;0.0;-0.5;0.6;-3.3;4.0;1504;1530;387.1;2.4;316.8;-4.6
94.6632;34.7;;0.049959;;386;317;;;;;;;;;;;
94.6779;;14.7;;;;;;386;317;400;300;-20.0;0.0;-0.5;0.5;-3.2;3.7;1504;1527;386.2;0.4;316.7;-7.6
94.7116;33.7;;0.050301;;386;317;;;;;;;;;;;
94.7263;;14.7;;;;;;386;317;400;300;0.0;0.0;-0.5;0.5;-3.4;3.3;1506;1524;386.1;3.0;316.5;-9.4
94.7611;34.7;;0.048590;;387;317;;;;;;;;;;;
94.7758;;14.7;;;;;;387;317;400;300;20.0;0.0;-0.4;0.5;-2.8;3.0;1501;1523;387.2;10.5;316.4;-10.4
94.8097;33.9;;0.047564;;387;317;;;;;;;;;;;
94.8244;;14.7;;;;;;387;317;400;300;0.0;0.0;-0.3;0.4;-1.9;2.9;1494;1522;387.6;11.4;316.4;-10.7
94.8590;34.6;;0.055776;;388;317;;;;;;;;;;;
94.8737;;14.7;;;;;;388;317;400;300;20.0;0.0;-0.2;0.4;-1.6;2.9;1491;1521;388.6;15.2;316.4;-10.8
94.9078;34.1;;0.049617;;388;317;;;;;;;;;;;
94.9225;;14.7;;;;;;388;317;400;300;0.0;0.0;-0.2;0.4;-1.1;2.9;1488;1521;388.8;13.3;316.4;-10.8
94.9572;34.7;;0.048590;;389;317;;;;;;;;;;;
94.9719;;14.7;;;;;;389;317;400;300;20.0;0.0;-0.2;0.4;-1.1;2.9;1488;1521;389.7;15.5;316.4;-10.8
95.0060;34.1;;0.052697;;390;316;;;;;;;;;;;
95.0209;;14.9;;;;;;390;316;400;300;20.0;-20.0;-0.1;0.4;-0.6;2.6;1484;1520;390.8;17.6;315.4;-15.5
95.0548;33.9;;0.048248;;390;316;;;;;;;;;;;
95.0695;;14.8;;;;;;390;316;400;300;0.0;0.0;-0.0;0.3;-0.3;2.0;1482;1515;390.9;14.0;315.2;-14.7
95.1041;34.5;;0.047564;;390;315;;;;;;;;;;;
95.1188;;14.7;;;;;;390;315;400;300;0.0;-20.0;-0.1;0.3;-0.7;1.9;1485;1514;390.7;10.3;314.2;-17.5
95.1528;34.0;;0.053039;;390;315;;;;;;;;;;;
95.1675;;14.7;;;;;;390;315;400;300;0.0;0.0;-0.2;0.2;-1.2;1.5;1489;1511;390.5;8.0;314.1;-15.3
95.2017;34.2;;0.046879;;390;314;;;;;;;;;;;
95.2165;;14.7;;;;;;390;314;400;300;0.0;-20.0;-0.2;0.2;-1.5;1.6;1491;1512;390.4;6.9;313.2;-17.4
95.2507;34.3;;0.050643;;390;313;;;;;;;;;;;
95.2655;;14.7;;;;;;390;313;400;300;0.0;-20.0;-0.2;0.2;-1.6;1.1;1492;1508;390.4;6.4;312.1;-19.5
95.2998;34.3;;0.046879;;389;313;;;;;;;;;;;
95.3146;;14.7;;;;;;389;313;400;300;-20.0;0.0;-0.3;0.1;-1.9;0.8;1494;1506;389.4;1.5;312.0;-15.9
95.3490;34.4;;0.050986;;389;312;;;;;;;;;;;
95.3637;;14.7;;;;;;389;312;400;300;0.0;-20.0;-0.4;0.2;-2.5;1.0;1499;1507;389.1;2.4;311.2;-17.0
95.3977;34.0;;0.049617;;389;312;;;;;;;;;;;
95.4125;;14.7;;;;;;389;312;400;300;0.0;0.0;-0.4;0.1;-2.4;0.9;1498;1506;389.2;4.3;311.1;-13.8
95.4471;34.6;;0.050301;;388;312;;;;;;;;;;;
95.4618;;14.7;;;;;;388;312;400;300;-20.0;0.0;-0.4;0.2;-2.5;1.3;1498;1509;388.3;1.0;311.3;-10.8
95.4958;34.0;;0.056461;;388;313;;;;;;;;;;;
95.5106;;14.7;;;;;;388;313;400;300;0.0;20.0;-0.4;0.3;-2.9;1.9;1501;1514;388.1;2.6;312.4;-4.2
95.5450;34.4;;0.051670;;387;313;;;;;;;;;;;
95.5597;;14.7;;;;;;387;313;400;300;-20.0;0.0;-0.4;0.4;-2.9;2.7;1502;1520;387.2;0.1;312.7;-4.1
95.5938;34.1;;0.048590;;388;313;;;;;;;;;;;
95.6086;;14.7;;;;;;388;313;400;300;20.0;0.0;-0.4;0.4;-3.0;2.7;1502;1520;388.1;7.2;312.7;-5.6
95.6391;30.5;;0.046195;;388;313;;;;;;;;;;;
95.6538;;14.7;;;;;;388;313;400;300;0.0;0.0;-0.3;0.4;-2.1;2.5;1495;1519;388.4;9.0;312.7;-6.9
95.6881;34.3;;0.046195;;389;313;;;;;;;;;;;
95.7028;;14.7;;;;;;389;313;400;300;20.0;0.0;-0.2;0.4;-1.6;2.4;1492;1518;389.5;13.7;312.6;-7.7
95.7410;38.2;;0.049275;;389;314;;;;;;;;;;;
95.7558;;14.7;;;;;;389;314;400;300;0.0;20.0;-0.2;0.4;-1.0;2.5;1487;1519;389.7;12.3;313.5;-3.3
95.7861;30.3;;0.048933;;389;314;;;;;;;;;;;
95.8008;;14.7;;;;;;389;314;400;300;0.0;0.0;-0.2;0.5;-1.2;3.1;1489;1523;389.6;10.0;313.8;-4.3
95.8351;34.3;;0.057145;;390;314;;;;;;;;;;;
95.8499;;14.7;;;;;;390;314;400;300;20.0;0.0;-0.2;0.4;-1.2;2.9;1489;1522;390.5;13.1;313.7;-6.2
95.8879;38.1;;0.048590;;390;315;;;;;;;;;;;
95.9027;;14.8;;;;;;390;315;400;300;0.0;20.0;-0.1;0.4;-0.9;2.9;1486;1522;390.7;11.4;314.6;-2.9
95.9370;34.3;;0.050643;;390;315;;;;;;;;;;;
95.9518;;14.7;;;;;;390;315;400;300;0.0;0.0;-0.2;0.5;-1.1;3.4;1488;1525;390.6;9.1;314.8;-4.5
95.9860;34.2;;0.049617;;391;315;;;;;;;;;;;
96.0007;;14.7;;;;;;391;315;400;300;20.0;0.0;-0.2;0.5;-1.1;3.2;1488;1524;391.5;12.3;314.7;-6.7
96.0344;33.7;;0.050986;;391;315;;;;;;;;;;;
96.0491;;14.7;;;;;;391;315;400;300;0.0;0.0;-0.1;0.4;-0.7;2.9;1485;1521;391.6;10.6;314.6;-8.3
96.0834;34.3;;0.052354;;391;315;;;;;;;;;;;
96.0982;;14.7;;;;;;391;315;400;300;0.0;0.0;-0.1;0.4;-0.9;2.7;1486;1520;391.6;8.4;314.5;-9.1
96.1327;34.5;;0.051328;;391;315;;;;;;;;;;;
96.1474;;14.7;;;;;;391;315;400;300;0.0;0.0;-0.2;0.4;-1.2;2.6;1489;1519;391.5;6.9;314.5;-9.4
96.1816;34.1;;0.051670;;391;315;;;;;;;;;;;
96.1963;;14.7;;;;;;391;315;400;300;0.0;0.0;-0.2;0.4;-1.4;2.6;1490;1519;391.4;6.1;314.5;-9.5
96.2308;34.5;;0.051670;;390;315;;;;;;;;;;;
96.2455;;14.7;;;;;;390;315;400;300;-20.0;0.0;-0.3;0.4;-1.7;2.5;1493;1519;390.4;1.0;314.5;-9.5
96.2795;34.0;;0.051670;;390;315;;;;;;;;;;;
96.2943;;14.7;;;;;;390;315;400;300;0.0;0.0;-0.4;0.4;-2.4;2.5;1497;1519;390.1;1.8;314.5;-9.5
96.3286;34.3;;0.049959;;390;315;;;;;;;;;;;
96.3433;;14.7;;;;;;390;315;400;300;0.0;0.0;-0.3;0.4;-2.3;2.5;1497;1519;390.1;3.6;314.5;-9.5
96.3779;34.6;;0.049959;;389;314;;;;;;;;;;;
96.3926;;14.7;;;;;;389;314;400;300;-20.0;-20.0;-0.3;0.3;-2.3;2.3;1497;1517;389.2;0.3;313.5;-14.2
96.4265;33.9;;0.048933;;389;314;;;;;;;;;;;
96.4413;;14.7;;;;;;389;314;400;300;0.0;0.0;-0.4;0.3;-2.7;1.7;1500;1513;389.1;2.0;313.2;-13.4
96.4721;30.8;;0.059540;;389;314;;;;;;;;;;;
96.4868;;14.7;;;;;;389;314;400;300;0.0;0.0;-0.4;0.3;-2.5;1.8;1498;1513;389.2;4.2;313.3;-11.5
96.5211;34.3;;0.046195;;388;314;;;;;;;;;;;
96.5359;;14.7;;;;;;388;314;400;300;-20.0;0.0;-0.4;0.3;-2.5;2.0;1498;1515;388.3;1.0;313.4;-10.1
96.5737;37.9;;0.048590;;388;313;;;;;;;;;;;
96.5885;;14.7;;;;;;388;313;400;300;0.0;-20.0;-0.4;0.3;-2.9;2.0;1501;1515;388.1;2.7;312.4;-14.1
96.6227;34.3;;0.046537;;388;313;;;;;;;;;;;
96.6375;;14.8;;;;;;388;313;400;300;0.0;0.0;-0.4;0.2;-2.6;1.5;1500;1511;388.2;4.9;312.3;-12.9
96.6713;33.8;;0.050301;;388;313;;;;;;;;;;;
96.6861;;14.7;;;;;;388;313;400;300;0.0;0.0;-0.4;0.2;-2.4;1.6;1498;1512;388.3;6.4;312.3;-10.9
96.7207;34.6;;0.046195;;389;313;;;;;;;;;;;
96.7355;;14.7;;;;;;389;313;400;300;20.0;0.0;-0.3;0.3;-1.9;1.9;1494;1514;389.4;11.9;312.4;-9.5
96.7696;34.2;;0.047564;;389;314;;;;;;;;;;;
96.7844;;14.7;;;;;;389;314;400;300;0.0;20.0;-0.2;0.3;-1.3;2.3;1489;1517;389.6;11.4;313.5;-3.9
96.8184;34.0;;0.051328;;389;314;;;;;;;;;;;
96.8331;;14.7;;;;;;389;314;400;300;0.0;0.0;-0.2;0.4;-1.3;3.0;1490;1522;389.6;9.7;313.7;-4.5
96.8662;33.0;;0.050301;;389;314;;;;;;;;;;;
96.8809;;14.7;;;;;;389;314;400;300;0.0;0.0;-0.2;0.4;-1.5;2.9;1491;1522;389.5;8.3;313.7;-6.2
96.9169;36.1;;0.052012;;390;314;;;;;;;;;;;
96.9317;;14.7;;;;;;390;314;400;300;20.0;0.0;-0.2;0.4;-1.5;2.7;1491;1520;390.5;12.2;313.6;-7.6
96.9657;34.0;;0.048248;;390;315;;;;;;;;;;;
96.9804;;14.7;;;;;;390;315;400;300;0.0;20.0;-0.1;0.4;-1.0;2.8;1487;1521;390.6;11.0;314.5;-3.6
97.0145;34.1;;0.050301;;390;315;;;;;;;;;;;
97.0292;;14.7;;;;;;390;315;400;300;0.0;0.0;-0.2;0.5;-1.1;3.3;1488;1524;390.6;9.0;314.7;-4.9
97.0637;34.4;;0.049959;;391;315;;;;;;;;;;;
97.0784;;14.7;;;;;;391;315;400;300;20.0;0.0;-0.2;0.5;-1.1;3.1;1488;1523;391.5;12.3;314.7;-6.8
97.1127;34.3;;0.047906;;391;315;;;;;;;;;;;
97.1274;;14.7;;;;;;391;315;400;300;0.0;0.0;-0.1;0.4;-0.7;2.9;1485;1521;391.6;10.6;314.6;-8.3
97.1617;34.2;;0.049959;;391;315;;;;;;;;;;;
97.1764;;14.7;;;;;;391;315;400;300;0.0;0.0;-0.1;0.4;-0.9;2.7;1486;1520;391.6;8.5;314.5;-9.1
97.2107;34.3;;0.054065;;391;315;;;;;;;;;;;
97.2255;;14.7;;;;;;391;315;400;300;0.0;0.0;-0.2;0.4;-1.2;2.6;1489;1519;391.5;6.9;314.5;-9.4
97.2593;33.9;;0.049959;;390;315;;;;;;;;;;;
97.2741;;14.7;;;;;;390;315;400;300;-20.0;0.0;-0.2;0.4;-1.6;2.6;1492;1519;390.4;1.4;314.5;-9.5
97.3085;34.4;;0.046879;;390;315;;;;;;;;;;;
97.3232;;14.7;;;;;;390;315;400;300;0.0;0.0;-0.3;0.4;-2.3;2.5;1497;1519;390.1;1.9;314.5;-9.5
97.3573;34.1;;0.046537;;390;315;;;;;;;;;;;
97.3721;;14.8;;;;;;390;315;400;300;0.0;0.0;-0.3;0.4;-2.2;2.5;1497;1519;390.2;3.6;314.5;-9.5
97.4067;34.6;;0.045511;;389;315;;;;;;;;;;;
97.4214;;14.7;;;;;;389;315;400;300;-20.0;0.0;-0.3;0.4;-2.3;2.5;1497;1519;389.2;0.3;314.5;-9.5
97.4554;34.0;;0.049959;;389;315;;;;;;;;;;;
97.4702;;14.7;;;;;;389;315;400;300;0.0;0.0;-0.4;0.4;-2.7;2.5;1500;1519;389.1;2.0;314.5;-9.5
97.5046;34.4;;0.047906;;389;315;;;;;;;;;;;
97.5193;;14.8;;;;;;389;315;400;300;0.0;0.0;-0.4;0.4;-2.5;2.5;1498;1519;389.2;4.2;314.5;-9.5
97.5538;34.4;;0.048933;;388;314;;;;;;;;;;;
97.5685;;14.7;;;;;;388;314;400;300;-20.0;-20.0;-0.4;0.3;-2.5;2.3;1498;1517;388.3;1.0;313.5;-14.2
97.6024;33.8;;0.050301;;388;314;;;;;;;;;;;
97.6171;;14.7;;;;;;388;314;400;300;0.0;0.0;-0.4;0.3;-2.9;1.7;1501;1513;388.1;2.7;313.2;-13.4
97.6517;34.5;;0.048248;;389;314;;;;;;;;;;;
97.6664;;14.7;;;;;;389;314;400;300;20.0;0.0;-0.4;0.3;-2.4;1.8;1498;1513;389.2;9.6;313.3;-11.5
97.6977;31.3;;0.061251;;389;314;;;;;;;;;;;
97.7125;;14.7;;;;;;389;314;400;300;0.0;0.0;-0.2;0.3;-1.5;2.0;1491;1515;389.5;10.2;313.4;-10.1
97.7465;34.0;;0.050986;;389;313;;;;;;;;;;;
97.7612;;14.7;;;;;;389;313;400;300;0.0;-20.0;-0.2;0.3;-1.5;2.0;1491;1515;389.6;9.2;312.4;-14.1
97.7951;33.8;;0.048248;;389;313;;;;;;;;;;;
97.8098;;14.7;;;;;;389;313;400;300;0.0;0.0;-0.2;0.2;-1.6;1.5;1492;1511;389.5;8.1;312.3;-12.9
97.8438;34.1;;0.054065;;389;313;;;;;;;;;;;
97.8586;;14.7;;;;;;389;313;400;300;0.0;0.0;-0.3;0.2;-1.7;1.6;1493;1512;389.5;7.5;312.3;-10.9
97.8931;34.6;;0.054750;;389;313;;;;;;;;;;;
97.9079;;14.7;;;;;;389;313;400;300;0.0;0.0;-0.3;0.3;-1.8;1.9;1493;1514;389.4;7.1;312.4;-9.5
97.9425;34.6;;0.058172;;389;313;;;;;;;;;;;
97.9572;;14.7;;;;;;389;313;400;300;0.0;0.0;-0.3;0.3;-1.8;2.1;1494;1515;389.4;7.0;312.5;-8.7
97.9906;33.4;;0.057145;;389;313;;;;;;;;;;;
98.0054;;14.7;;;;;;389;313;400;300;0.0;0.0;-0.3;0.3;-1.9;2.2;1494;1516;389.4;6.9;312.5;-8.3
98.0433;38.0;;0.051328;;389;313;;;;;;;;;;;
98.0581;;14.7;;;;;;389;313;400;300;0.0;0.0;-0.3;0.3;-1.9;2.2;1494;1516;389.4;6.9;312.5;-8.2
98.0890;30.9;;0.059540;;389;314;;;;;;;;;;;
98.1038;;14.8;;;;;;389;314;400;300;0.0;20.0;-0.3;0.4;-1.9;2.5;1494;1518;389.4;7.0;313.5;-3.5
98.1416;37.8;;0.047564;;389;314;;;;;;;;;;;
98.1563;;14.7;;;;;;389;314;400;300;0.0;0.0;-0.3;0.5;-1.9;3.0;1494;1523;389.4;7.0;313.7;-4.3
98.1869;30.5;;0.046195;;389;314;;;;;;;;;;;
98.2016;;14.7;;;;;;389;314;400;300;0.0;0.0;-0.3;0.4;-1.9;2.9;1494;1522;389.4;7.0;313.7;-6.2
98.2359;34.3;;0.053381;;389;314;;;;;;;;;;;
98.2506;;14.7;;;;;;389;314;400;300;0.0;0.0;-0.3;0.4;-1.9;2.7;1494;1520;389.4;7.0;313.6;-7.6
98.2883;37.7;;0.046879;;389;313;;;;;;;;;;;
98.3031;;14.8;;;;;;389;313;400;300;0.0;-20.0;-0.3;0.3;-1.9;2.3;1494;1517;389.4;7.0;312.6;-13.1
98.3375;34.5;;0.046879;;389;313;;;;;;;;;;;
98.3523;;14.7;;;;;;389;313;400;300;0.0;0.0;-0.3;0.2;-1.9;1.6;1494;1512;389.4;7.0;312.3;-12.6
98.3864;34.2;;0.048248;;389;313;;;;;;;;;;;
98.4012;;14.7;;;;;;389;313;400;300;0.0;0.0;-0.3;0.2;-1.9;1.7;1494;1512;389.4;7.0;312.3;-10.9
98.4353;34.2;;0.065700;;389;313;;;;;;;;;;;
98.4501;;14.7;;;;;;389;313;400;300;0.0;0.0;-0.3;0.3;-1.9;1.9;1494;1514;389.4;7.0;312.4;-9.5
98.4845;34.5;;0.047222;;389;314;;;;;;;;;;;
98.4993;;14.7;;;;;;389;314;400;300;0.0;20.0;-0.3;0.3;-1.9;2.3;1494;1517;389.4;7.0;313.5;-4.0
98.5334;34.1;;0.054065;;389;314;;;;;;;;;;;
98.5481;;14.7;;;;;;389;314;400;300;0.0;0.0;-0.3;0.4;-1.9;3.0;1494;1522;389.4;7.0;313.7;-4.5
98.5824;34.3;;0.048590;;389;314;;;;;;;;;;;
98.5972;;14.7;;;;;;389;314;400;300;0.0;0.0;-0.3;0.4;-1.9;2.9;1494;1522;389.4;7.0;313.7;-6.2
98.6312;34.1;;0.048933;;389;314;;;;;;;;;;;
98.6460;;14.7;;;;;;389;314;400;300;0.0;0.0;-0.3;0.4;-1.9;2.7;1494;1520;389.4;7.0;313.6;-7.6
98.6804;34.4;;0.052697;;389;314;;;;;;;;;;;
98.6951;;14.7;;;;;;389;314;400;300;0.0;0.0;-0.3;0.4;-1.9;2.5;1494;1519;389.4;7.0;313.6;-8.4
98.7259;30.8;;0.047906;;389;313;;;;;;;;;;;
98.7406;;14.7;;;;;;389;313;400;300;0.0;-20.0;-0.3;0.3;-1.9;2.2;1494;1516;389.4;7.0;312.5;-13.5
98.7783;37.6;;0.045853;;389;314;;;;;;;;;;;
98.7930;;14.8;;;;;;389;314;400;300;0.0;20.0;-0.3;0.3;-1.9;1.8;1494;1513;389.4;7.0;313.3;-8.0
98.8239;30.9;;0.045168;;389;314;;;;;;;;;;;
98.8386;;14.7;;;;;;389;314;400;300;0.0;0.0;-0.3;0.4;-1.9;2.5;1494;1518;389.4;7.0;313.5;-7.0
98.8730;34.3;;0.045853;;389;314;;;;;;;;;;;
98.8877;;14.7;;;;;;389;314;400;300;0.0;0.0;-0.3;0.4;-1.9;2.6;1494;1519;389.4;7.0;313.6;-7.5
98.9219;34.2;;0.058172;;389;313;;;;;;;;;;;
98.9367;;14.7;;;;;;389;313;400;300;0.0;-20.0;-0.3;0.3;-1.9;2.3;1494;1517;389.4;7.0;312.6;-12.8
98.9739;37.2;;0.049275;;389;314;;;;;;;;;;;
98.9886;;14.7;;;;;;389;314;400;300;0.0;20.0;-0.3;0.3;-1.9;1.9;1494;1514;389.4;7.0;313.3;-7.7
99.0236;35.0;;0.050986;;389;314;;;;;;;;;;;
99.0383;;14.7;;;;;;389;314;400;300;0.0;0.0;-0.3;0.4;-1.9;2.5;1494;1519;389.4;7.0;313.5;-6.9
99.0725;34.2;;0.047564;;389;314;;;;;;;;;;;
99.0873;;14.8;;;;;;389;314;400;300;0.0;0.0;-0.3;0.4;-1.9;2.6;1494;1519;389.4;7.0;313.6;-7.4
99.1216;34.3;;0.045168;;389;314;;;;;;;;;;;
99.1363;;14.7;;;;;;389;314;400;300;0.0;0.0;-0.3;0.4;-1.9;2.6;1494;1519;389.4;7.0;313.6;-8.1
99.1707;34.4;;0.049617;;389;313;;;;;;;;;;;
99.1854;;14.7;;;;;;389;313;400;300;0.0;-20.0;-0.3;0.3;-1.9;2.2;1494;1516;389.4;7.0;312.5;-13.3
99.2194;34.0;;0.051670;;389;313;;;;;;;;;;;
99.2341;;14.7;;;;;;389;313;400;300;0.0;0.0;-0.3;0.2;-1.9;1.6;1494;1512;389.4;7.0;312.3;-12.6
99.2686;34.5;;0.059198;;389;313;;;;;;;;;;;
99.2833;;14.7;;;;;;389;313;400;300;0.0;0.0;-0.3;0.2;-1.9;1.7;1494;1512;389.4;7.0;312.3;-10.9
99.3175;34.1;;0.057487;;389;314;;;;;;;;;;;
99.3322;;14.7;;;;;;389;314;400;300;0.0;20.0;-0.3;0.3;-1.9;2.1;1494;1516;389.4;7.0;313.4;-4.8
99.3663;34.1;;0.052354;;389;314;;;;;;;;;;;
99.3810;;14.7;;;;;;389;314;400;300;0.0;0.0;-0.3;0.4;-1.9;2.9;1494;1521;389.4;7.0;313.7;-4.8
99.4152;34.1;;0.056461;;389;314;;;;;;;;;;;
99.4299;;14.7;;;;;;389;314;400;300;0.0;0.0;-0.3;0.4;-1.9;2.9;1494;1521;389.4;7.0;313.7;-6.3
99.4644;34.5;;0.056803;;389;314;;;;;;;;;;;
99.4791;;14.7;;;;;;389;314;400;300;0.0;0.0;-0.3;0.4;-1.9;2.7;1494;1520;389.4;7.0;313.6;-7.6
99.5134;34.2;;0.049275;;389;313;;;;;;;;;;;
99.5281;;14.7;;;;;;389;313;400;300;0.0;-20.0;-0.3;0.3;-1.9;2.3;1494;1517;389.4;7.0;312.6;-13.1
99.5622;34.1;;0.051328;;389;313;;;;;;;;;;;
99.5770;;14.7;;;;;;389;313;400;300;0.0;0.0;-0.3;0.2;-1.9;1.6;1494;1512;389.4;7.0;312.3;-12.6
99.6114;34.4;;0.049617;;389;313;;;;;;;;;;;
99.6261;;14.7;;;;;;389;313;400;300;0.0;0.0;-0.3;0.2;-1.9;1.7;1494;1512;389.4;7.0;312.3;-10.9
99.6606;34.4;;0.048248;;389;313;;;;;;;;;;;
99.6753;;14.7;;;;;;389;313;400;300;0.0;0.0;-0.3;0.3;-1.9;1.9;1494;1514;389.4;7.0;312.4;-9.5
99.7092;33.9;;0.048248;;389;313;;;;;;;;;;;
99.7240;;14.7;;;;;;389;313;400;300;0.0;0.0;-0.3;0.3;-1.9;2.0;1494;1515;389.4;7.0;312.5;-8.7
99.7582;34.2;;0.049959;;389;313;;;;;;;;;;;
99.7729;;14.7;;;;;;389;313;400;300;0.0;0.0;-0.3;0.3;-1.9;2.1;1494;1516;389.4;7.0;312.5;-8.4
99.8076;34.7;;0.053039;;389;314;;;;;;;;;;;
99.8224;;14.7;;;;;;389;314;400;300;0.0;20.0;-0.3;0.4;-1.9;2.4;1494;1518;389.4;7.0;313.5;-3.5
99.8563;33.9;;0.050643;;389;314;;;;;;;;;;;
99.8710;;14.8;;;;;;389;314;400;300;0.0;0.0;-0.3;0.5;-1.9;3.0;1494;1523;389.4;7.0;313.7;-4.3
99.9052;34.2;;0.047222;;389;314;;;;;;;;;;;
99.9200;;14.8;;;;;;389;314;400;300;0.0;0.0;-0.3;0.4;-1.9;2.9;1494;1522;389.4;7.0;313.7;-6.2
99.9546;34.6;;0.048933;;389;313;;;;;;;;;;;
99.9694;;14.8;;;;;;389;313;400;300;0.0;-20.0;-0.3;0.4;-1.9;2.5;1494;1518;389.4;7.0;312.6;-12.3
100.0033;33.9;;0.050986;;389;313;;;;;;;;;;;
100.0180;;14.8;;;;;;389;313;400;300;0.0;0.0;-0.3;0.3;-1.9;1.7;1494;1512;389.4;7.0;312.3;-12.3
100.0523;34.2;;0.051328;;389;313;;;;;;;;;;;
100.0670;;14.7;;;;;;389;313;400;300;0.0;0.0;-0.3;0.3;-1.9;1.7;1494;1512;389.4;7.0;312.3;-10.8
100.1014;34.4;;0.052697;;389;313;;;;;;;;;;;
100.1161;;14.7;;;;;;389;313;400;300;0.0;0.0;-0.3;0.3;-1.9;1.9;1494;1514;389.4;7.0;312.4;-9.5
100.1501;34.0;;0.048590;;389;313;;;;;;;;;;;
100.1649;;14.7;;;;;;389;313;400;300;0.0;0.0;-0.3;0.3;-1.9;2.0;1494;1515;389.4;7.0;312.5;-8.7
100.1992;34.4;;0.046879;;389;313;;;;;;;;;;;
100.2140;;14.7;;;;;;389;313;400;300;0.0;0.0;-0.3;0.3;-1.9;2.1;1494;1516;389.4;7.0;312.5;-8.4
100.2485;34.5;;0.051670;;389;314;;;;;;;;;;;
100.2633;;14.7;;;;;;389;314;400;300;0.0;20.0;-0.3;0.4;-1.9;2.4;1494;1518;389.4;7.0;313.5;-3.5
100.2973;34.0;;0.052012;;389;314;;;;;;;;;;;
100.3120;;14.7;;;;;;389;314;400;300;0.0;0.0;-0.3;0.5;-1.9;3.0;1494;1523;389.4;7.0;313.7;-4.3
100.3462;34.1;;0.048248;;389;314;;;;;;;;;;;
100.3609;;14.7;;;;;;389;314;400;300;0.0;0.0;-0.3;0.4;-1.9;2.9;1494;1522;389.4;7.0;313.7;-6.2
100.3953;34.4;;0.049617;;389;313;;;;;;;;;;;
100.4101;;14.7;;;;;;389;313;400;300;0.0;-20.0;-0.3;0.4;-1.9;2.5;1494;1518;389.4;7.0;312.6;-12.3
100.4446;34.5;;0.046879;;389;313;;;;;;;;;;;
100.4593;;14.7;;;;;;389;313;400;300;0.0;0.0;-0.3;0.3;-1.9;1.7;1494;1512;389.4;7.0;312.3;-12.3
100.4897;30.3;;0.053723;;389;313;;;;;;;;;;;
100.5044;;14.7;;;;;;389;313;400;300;0.0;0.0;-0.3;0.3;-1.9;1.7;1494;1512;389.4;7.0;312.3;-10.8
100.5425;38.1;;0.047564;;389;313;;;;;;;;;;;
100.5573;;14.7;;;;;;389;313;400;300;0.0;0.0;-0.3;0.3;-1.9;1.9;1494;1514;389.4;7.0;312.4;-9.5
100.5877;30.4;;0.046879;;389;313;;;;;;;;;;;
100.6024;;14.7;;;;;;389;313;400;300;0.0;0.0;-0.3;0.3;-1.9;2.0;1494;1515;389.4;7.0;312.5;-8.7
100.6369;34.5;;0.053723;;389;314;;;;;;;;;;;
100.6516;;14.8;;;;;;389;314;400;300;0.0;20.0;-0.3;0.4;-1.9;2.4;1494;1518;389.4;7.0;313.5;-3.6
100.6881;36.4;;0.049959;;389;314;;;;;;;;;;;
100.7028;;14.7;;;;;;389;314;400;300;0.0;0.0;-0.3;0.5;-1.9;3.0;1494;1523;389.4;7.0;313.7;-4.4
100.7383;35.5;;0.051328;;389;314;;;;;;;;;;;
100.7531;;14.8;;;;;;389;314;400;300;0.0;0.0;-0.3;0.4;-1.9;2.9;1494;1522;389.4;7.0;313.7;-6.2
100.7875;34.4;;0.051328;;389;313;;;;;;;;;;;
100.8023;;14.7;;;;;;389;313;400;300;0.0;-20.0;-0.3;0.4;-1.9;2.5;1494;1518;389.4;7.0;312.6;-12.3
100.8362;33.9;;0.052354;;389;313;;;;;;;;;;;
100.8509;;14.7;;;;;;389;313;400;300;0.0;0.0;-0.3;0.3;-1.9;1.7;1494;1512;389.4;7.0;312.3;-12.3
100.8851;34.2;;0.050986;;389;313;;;;;;;;;;;
100.8998;;14.7;;;;;;389;313;400;300;0.0;0.0;-0.3;0.3;-1.9;1.7;1494;1512;389.4;7.0;312.3;-10.8
100.9342;34.4;;0.051670;;389;313;;;;;;;;;;;
100.9490;;14.7;;;;;;389;313;400;300;0.0;0.0;-0.3;0.3;-1.9;1.9;1494;1514;389.4;7.0;312.4;-9.5
100.9831;34.2;;0.052697;;389;313;;;;;;;;;;;
100.9979;;14.7;;;;;;389;313;400;300;0.0;0.0;-0.3;0.3;-1.9;2.0;1494;1515;389.4;7.0;312.5;-8.7
101.0325;34.6;;0.065015;;389;314;;;;;;;;;;;
101.0472;;14.7;;;;;;389;314;400;300;0.0;20.0;-0.3;0.4;-1.9;2.4;1494;1518;389.4;7.0;313.5;-3.6
101.0811;33.9;;0.052354;;389;314;;;;;;;;;;;
101.0959;;14.7;;;;;;389;314;400;300;0.0;0.0;-0.3;0.5;-1.9;3.0;1494;1523;389.4;7.0;313.7;-4.4
101.1300;34.1;;0.050301;;389;314;;;;;;;;;;;
101.1448;;14.7;;;;;;389;314;400;300;0.0;0.0;-0.3;0.4;-1.9;2.9;1494;1522;389.4;7.0;313.7;-6.2
101.1792;34.5;;0.053723;;389;313;;;;;;;;;;;
101.1940;;14.7;;;;;;389;313;400;300;0.0;-20.0;-0.3;0.4;-1.9;2.5;1494;1518;389.4;7.0;312.6;-12.3
101.2282;34.3;;0.046537;;389;313;;;;;;;;;;;
101.2430;;14.7;;;;;;389;313;400;300;0.0;0.0;-0.3;0.3;-1.9;1.7;1494;1512;389.4;7.0;312.3;-12.3
101.2770;34.0;;0.048248;;389;313;;;;;;;;;;;
101.2917;;14.7;;;;;;389;313;400;300;0.0;0.0;-0.3;0.3;-1.9;1.7;1494;1512;389.4;7.0;312.3;-10.8
101.3261;34.5;;0.047906;;389;313;;;;;;;;;;;
101.3409;;14.7;;;;;;389;313;400;300;0.0;0.0;-0.3;0.3;-1.9;1.9;1494;1514;389.4;7.0;312.4;-9.5
101.3751;34.2;;0.047564;;389;313;;;;;;;;;;;
101.3898;;14.7;;;;;;389;313;400;300;0.0;0.0;-0.3;0.3;-1.9;2.0;1494;1515;389.4;7.0;312.5;-8.7
101.4245;34.7;;0.046879;;389;314;;;;;;;;;;;
101.4393;;14.7;;;;;;389;314;400;300;0.0;20.0;-0.3;0.4;-1.9;2.4;1494;1518;389.4;7.0;313.5;-3.6
101.4732;34.0;;0.049959;;389;314;;;;;;;;;;;
101.4880;;14.7;;;;;;389;314;400;300;0.0;0.0;-0.3;0.5;-1.9;3.0;1494;1523;389.4;7.0;313.7;-4.4
101.5222;34.2;;0.052697;;389;314;;;;;;;;;;;
101.5369;;14.7;;;;;;389;314;400;300;0.0;0.0;-0.3;0.4;-1.9;2.9;1494;1522;389.4;7.0;313.7;-6.2
101.5677;30.8;;0.046537;;389;313;;;;;;;;;;;
101.5824;;14.7;;;;;;389;313;400;300;0.0;-20.0;-0.3;0.4;-1.9;2.5;1494;1518;389.4;7.0;312.6;-12.3
101.6207;38.2;;0.048248;;389;313;;;;;;;;;;;
101.6354;;14.7;;;;;;389;313;400;300;0.0;0.0;-0.3;0.3;-1.9;1.7;1494;1512;389.4;7.0;312.3;-12.3
101.6694;33.9;;0.058172;;389;313;;;;;;;;;;;
101.6841;;14.7;;;;;;389;313;400;300;0.0;0.0;-0.3;0.3;-1.9;1.7;1494;1512;389.4;7.0;312.3;-10.8
101.7181;34.0;;0.050643;;389;313;;;;;;;;;;;
101.7328;;14.7;;;;;;389;313;400;300;0.0;0.0;-0.3;0.3;-1.9;1.9;1494;1514;389.4;7.0;312.4;-9.5
101.7670;34.2;;0.049617;;389;313;;;;;;;;;;;
101.7818;;14.7;;;;;;389;313;400;300;0.0;0.0;-0.3;0.3;-1.9;2.0;1494;1515;389.4;7.0;312.5;-8.7
101.8163;34.6;;0.053723;;389;314;;;;;;;;;;;
101.8311;;14.7;;;;;;389;314;400;300;0.0;20.0;-0.3;0.4;-1.9;2.4;1494;1518;389.4;7.0;313.5;-3.6
101.8650;33.9;;0.052012;;389;314;;;;;;;;;;;
101.8797;;14.7;;;;;;389;314;400;300;0.0;0.0;-0.3;0.5;-1.9;3.0;1494;1523;389.4;7.0;313.7;-4.4
101.9140;34.3;;0.049959;;389;314;;;;;;;;;;;
101.9288;;14.7;;;;;;389;314;400;300;0.0;0.0;-0.3;0.4;-1.9;2.9;1494;1522;389.4;7.0;313.7;-6.2
101.9634;34.6;;0.048933;;389;313;;;;;;;;;;;
101.9781;;14.7;;;;;;389;313;400;300;0.0;-20.0;-0.3;0.4;-1.9;2.5;1494;1518;389.4;7.0;312.6;-12.3
102.0122;34.1;;0.047222;;389;313;;;;;;;;;;;
102.0270;;14.7;;;;;;389;313;400;300;0.0;0.0;-0.3;0.3;-1.9;1.7;1494;1512;389.4;7.0;312.3;-12.3
102.0611;34.1;;0.049617;;389;313;;;;;;;;;;;
102.0758;;14.7;;;;;;389;313;400;300;0.0;0.0;-0.3;0.3;-1.9;1.7;1494;1512;389.4;7.0;312.3;-10.8
102.1102;34.3;;0.049617;;389;313;;;;;;;;;;;
102.1249;;14.7;;;;;;389;313;400;300;0.0;0.0;-0.3;0.3;-1.9;1.9;1494;1514;389.4;7.0;312.4;-9.5
102.1592;34.3;;0.045168;;389;313;;;;;;;;;;;
102.1739;;14.7;;;;;;389;313;400;300;0.0;0.0;-0.3;0.3;-1.9;2.0;1494;1515;389.4;7.0;312.5;-8.7
102.2084;34.5;;0.049275;;389;314;;;;;;;;;;;
102.2231;;14.7;;;;;;389;314;400;300;0.0;20.0;-0.3;0.4;-1.9;2.4;1494;1518;389.4;7.0;313.5;-3.6
102.2568;33.7;;0.048590;;389;314;;;;;;;;;;;
102.2716;;14.7;;;;;;389;314;400;300;0.0;0.0;-0.3;0.5;-1.9;3.0;1494;1523;389.4;7.0;313.7;-4.4
102.3059;34.4;;0.048590;;389;314;;;;;;;;;;;
102.3207;;14.8;;;;;;389;314;400;300;0.0;0.0;-0.3;0.4;-1.9;2.9;1494;1522;389.4;7.0;313.7;-6.2
102.3555;34.7;;0.050301;;389;313;;;;;;;;;;;
102.3702;;14.8;;;;;;389;313;400;300;0.0;-20.0;-0.3;0.4;-1.9;2.5;1494;1518;389.4;7.0;312.6;-12.3
102.4041;33.9;;0.049959;;389;313;;;;;;;;;;;
102.4189;;14.7;;;;;;389;313;400;300;0.0;0.0;-0.3;0.3;-1.9;1.7;1494;1512;389.4;7.0;312.3;-12.3
102.4530;34.1;;0.050301;;389;313;;;;;;;;;;;
102.4677;;14.7;;;;;;389;313;400;300;0.0;0.0;-0.3;0.3;-1.9;1.7;1494;1512;389.4;7.0;312.3;-10.8
102.5023;34.6;;0.050986;;389;313;;;;;;;;;;;
102.5170;;14.7;;;;;;389;313;400;300;0.0;0.0;-0.3;0.3;-1.9;1.9;1494;1514;389.4;7.0;312.4;-9.5
102.5508;33.7;;0.051670;;389;313;;;;;;;;;;;
102.5655;;14.7;;;;;;389;313;160;317;0.0;0.0;8.7;-0.3;50.0;-2.2;1100;1484;388.0;-48.4;312.6;-4.2
102.6002;34.6;;0.046879;;389;313;;;;;;;;;;;
102.6149;;14.7;;;;;;389;313;160;317;0.0;0.0;7.6;-0.2;50.0;-1.5;1100;1489;385.2;-96.8;312.8;-0.5
102.6492;34.3;;0.050643;;389;314;;;;;;;;;;;
102.6639;;14.7;;;;;;389;314;160;317;0.0;20.0;6.7;-0.1;44.8;-0.8;1139;1494;383.0;-125.8;314.0;6.2
102.6978;33.9;;0.046879;;389;314;;;;;;;;;;;
102.7126;;14.7;;;;;;389;314;160;317;0.0;0.0;6.2;0.0;41.2;0.0;1167;1500;381.6;-139.6;314.3;6.2
102.7470;34.5;;0.046879;;387;314;;;;;;;;;;;
102.7618;;14.7;;;;;;387;314;160;317;-40.0;0.0;5.9;0.0;39.0;0.0;1183;1500;379.0;-154.3;314.3;4.6
102.7959;34.2;;0.048248;;384;315;;;;;;;;;;;
102.8107;;14.7;;;;;;384;315;160;317;-60.0;20.0;5.5;0.0;36.4;0.1;1203;1500;375.3;-168.1;315.2;8.0
102.8449;34.2;;0.047906;;380;315;;;;;;;;;;;
102.8596;;14.7;;;;;;380;315;160;317;-80.0;0.0;5.1;0.1;33.7;0.5;1223;1503;370.7;-180.6;315.4;6.3
102.8942;34.6;;0.047906;;374;316;;;;;;;;;;;
102.9089;;14.7;;;;;;374;316;160;317;-120.0;20.0;4.6;0.1;30.7;0.5;1247;1504;364.1;-196.9;316.3;8.8
102.9431;34.2;;0.047222;;367;317;;;;;;;;;;;
102.9579;;14.7;;;;;;367;317;160;317;-140.0;20.0;4.0;0.2;26.9;1.1;1275;1508;356.4;-211.4;317.4;11.1
102.9922;34.4;;0.050301;;358;318;;;;;;;;;;;
103.0070;;14.7;;;;;;358;318;160;317;-180.0;20.0;3.4;0.2;22.9;1.6;1306;1512;346.8;-228.0;318.5;12.3
103.0414;34.4;;0.049617;;347;319;;;;;;;;;;;
103.0561;;14.7;;;;;;347;319;160;317;-220.0;20.0;2.7;0.3;18.1;2.0;1343;1515;335.1;-246.4;319.6;12.6
103.0903;34.2;;0.050301;;336;320;;;;;;;;;;;
103.1050;;14.7;;;;;;336;320;160;317;-220.0;20.0;2.0;0.3;13.1;2.3;1381;1517;323.3;-256.0;320.6;12.3
103.1392;34.2;;0.069806;;323;321;;;;;;;;;;;
103.1540;;14.7;;;;;;323;321;160;317;-260.0;20.0;1.3;0.4;8.7;2.5;1414;1519;310.0;-266.9;321.5;11.8
103.1884;34.4;;0.047906;;310;322;;;;;;;;;;;
103.2031;;14.8;;;;;;310;322;160;317;-260.0;20.0;0.6;0.4;4.1;2.7;1449;1520;296.5;-271.1;322.5;11.2
103.2376;34.4;;0.047222;;297;323;;;;;;;;;;;
103.2523;;14.7;;;;;;297;323;160;317;-260.0;20.0;0.1;0.4;0.4;2.9;1478;1521;283.4;-269.2;323.5;10.5
103.2864;34.1;;0.054750;;283;324;;;;;;;;;;;
103.3011;;14.7;;;;;;283;324;160;317;-280.0;20.0;-0.4;0.5;-2.9;3.0;1501;1523;269.6;-268.3;324.4;9.9
103.3354;34.2;;0.050301;;268;325;;;;;;;;;;;
103.3501;;14.7;;;;;;268;325;160;317;-300.0;20.0;-1.0;0.5;-6.5;3.2;1529;1524;254.8;-269.5;325.4;9.2
103.3844;34.3;;0.047906;;253;326;;;;;;;;;;;
103.3992;;14.7;;;;;;253;326;160;317;-300.0;20.0;-1.6;0.5;-10.4;3.4;1558;1525;239.8;-267.2;326.4;8.6
103.4333;34.1;;0.058514;;239;327;;;;;;;;;;;
103.4480;;14.7;;;;;;239;327;160;317;-280.0;20.0;-2.0;0.5;-13.6;3.5;1583;1527;226.0;-256.8;327.3;7.9
103.4822;34.2;;0.054065;;224;328;;;;;;;;;;;
103.4970;;14.7;;;;;;224;328;160;317;-300.0;20.0;-2.4;0.6;-16.0;3.7;1601;1528;211.6;-249.7;328.3;7.3
103.5311;34.2;;0.048248;;210;328;;;;;;;;;;;
103.5459;;14.7;;;;;;210;328;160;317;-280.0;0.0;-2.8;0.5;-18.6;3.6;1621;1527;198.0;-237.8;328.3;1.9
103.5809;35.0;;0.048590;;196;329;;;;;;;;;;;
103.5956;;14.7;;;;;;196;329;160;317;-280.0;20.0;-3.1;0.5;-20.6;3.2;1636;1524;184.7;-225.9;329.0;2.2
103.6352;39.6;;0.065015;;184;329;;;;;;;;;;;
103.6500;;14.7;;;;;;184;329;160;317;-240.0;0.0;-3.3;0.5;-22.1;3.2;1648;1524;173.3;-205.7;329.0;-1.4
103.6844;34.4;;0.056461;;171;330;;;;;;;;;;;
103.6991;;14.7;;;;;;171;330;160;317;-260.0;20.0;-3.4;0.5;-22.8;3.1;1653;1523;161.3;-192.8;329.9;0.3
103.7332;34.1;;0.049275;;160;330;;;;;;;;;;;
103.7480;;14.7;;;;;;160;330;160;317;-220.0;0.0;-3.6;0.5;-23.9;3.3;1662;1524;151.0;-173.9;329.9;-2.5
103.7823;34.3;;0.050986;;151;330;;;;;;;;;;;
103.7970;;14.7;;;;;;151;330;160;317;-180.0;0.0;-3.6;0.4;-23.8;2.9;1661;1522;142.9;-148.5;329.8;-5.2
103.8312;34.2;;0.052012;;143;330;;;;;;;;;;;
103.8459;;14.7;;;;;;143;330;160;317;-160.0;0.0;-3.4;0.4;-22.6;2.6;1652;1519;136.2;-124.0;329.7;-7.0
103.8802;34.3;;0.051328;;137;330;;;;;;;;;;;
103.8949;;14.7;;;;;;137;330;160;317;-120.0;0.0;-3.2;0.4;-21.1;2.4;1640;1517;131.4;-97.4;329.6;-7.8
103.9291;34.2;;0.065700;;131;330;;;;;;;;;;;
103.9439;;14.7;;;;;;131;330;160;317;-120.0;0.0;-2.9;0.3;-19.3;2.3;1626;1517;126.6;-78.6;329.5;-8.2
103.9784;34.5;;0.050986;;127;330;;;;;;;;;;;
103.9931;;14.7;;;;;;127;330;160;317;-80.0;0.0;-2.7;0.3;-18.0;2.2;1616;1516;123.5;-57.7;329.5;-8.3
104.0272;34.1;;0.048248;;123;329;;;;;;;;;;;
104.0420;;14.7;;;;;;123;329;160;317;-80.0;-20.0;-2.5;0.3;-16.3;2.0;1604;1514;120.6;-43.0;328.5;-13.0
104.0762;34.3;;0.049617;;121;329;;;;;;;;;;;
104.0910;;14.7;;;;;;121;329;160;317;-40.0;0.0;-2.3;0.2;-15.0;1.4;1594;1510;119.3;-24.7;328.3;-12.1
104.1254;34.4;;0.046879;;120;328;;;;;;;;;;;
104.1402;;14.7;;;;;;120;328;160;317;-20.0;-20.0;-1.9;0.2;-13.0;1.2;1578;1509;119.1;-7.1;327.4;-15.0
104.1743;34.2;;0.049275;;119;327;;;;;;;;;;;
104.1891;;14.7;;;;;;119;327;160;317;-20.0;-20.0;-1.7;0.1;-11.1;0.6;1564;1504;118.9;4.1;326.2;-17.5
104.2194;30.4;;0.051328;;119;327;;;;;;;;;;;
104.2342;;14.7;;;;;;119;327;160;317;0.0;0.0;-1.4;0.0;-9.7;0.3;1553;1502;119.5;14.7;326.1;-14.0
104.2683;34.2;;0.055092;;120;327;;;;;;;;;;;
104.2831;;14.7;;;;;;120;327;160;317;20.0;0.0;-1.2;0.1;-8.1;0.7;1541;1505;121.0;26.1;326.3;-10.4
104.3174;34.3;;0.056118;;121;326;;;;;;;;;;;
104.3321;;14.7;;;;;;121;326;160;317;20.0;-20.0;-1.0;0.1;-6.4;0.9;1529;1507;122.5;33.2;325.5;-12.8
104.3663;34.2;;0.059198;;123;326;;;;;;;;;;;
104.3810;;14.7;;;;;;123;326;160;317;40.0;0.0;-0.8;0.1;-5.1;0.6;1518;1504;124.8;41.2;325.3;-10.8
104.4153;34.3;;0.045168;;125;326;;;;;;;;;;;
104.4301;;14.7;;;;;;125;326;160;317;40.0;0.0;-0.5;0.1;-3.6;0.9;1507;1506;127.2;46.0;325.4;-8.4
104.4681;38.1;;0.049617;;127;327;;;;;;;;;;;
104.4829;;14.7;;;;;;127;327;160;317;40.0;20.0;-0.4;0.2;-2.5;1.4;1498;1510;129.4;47.9;326.5;-2.2
104.5133;30.4;;0.060567;;130;327;;;;;;;;;;;
104.5281;;14.7;;;;;;130;327;160;317;60.0;0.0;-0.2;0.3;-1.5;2.2;1491;1516;132.4;52.7;326.8;-2.2
104.5662;38.2;;0.049617;;133;327;;;;;;;;;;;
104.5810;;14.7;;;;;;133;327;160;317;60.0;0.0;-0.0;0.3;-0.2;2.2;1481;1516;135.6;55.7;326.8;-3.7
104.6113;30.4;;0.058514;;136;327;;;;;;;;;;;
104.6261;;14.7;;;;;;136;327;160;317;60.0;0.0;0.1;0.3;1.0;2.0;1473;1515;138.8;56.5;326.8;-5.0
104.6604;34.4;;0.060909;;139;327;;;;;;;;;;;
104.6751;;14.7;;;;;;139;327;160;317;60.0;0.0;0.3;0.3;1.8;1.9;1467;1514;141.8;55.8;326.7;-5.8
104.7091;34.0;;0.045853;;142;327;;;;;;;;;;;
104.7239;;14.7;;;;;;142;327;160;317;60.0;0.0;0.4;0.3;2.5;1.8;1462;1513;144.7;54.3;326.7;-6.2
104.7610;37.1;;0.049617;;145;327;;;;;;;;;;;
104.7757;;14.7;;;;;;145;327;160;317;60.0;0.0;0.5;0.3;3.0;1.7;1458;1513;147.6;52.4;326.6;-6.3
104.8109;35.2;;0.048590;;149;327;;;;;;;;;;;
104.8257;;14.7;;;;;;149;327;160;317;80.0;0.0;0.6;0.3;3.8;1.7;1452;1512;151.5;55.2;326.6;-6.4
104.8598;34.1;;0.048590;;152;326;;;;;;;;;;;
104.8746;;14.8;;;;;;152;326;160;317;60.0;-20.0;0.7;0.2;4.9;1.4;1443;1510;154.6;52.4;325.6;-11.1
104.9088;34.1;;0.046879;;155;326;;;;;;;;;;;
104.9235;;14.7;;;;;;155;326;160;317;60.0;0.0;0.8;0.1;5.3;0.9;1440;1506;157.5;48.7;325.4;-10.2
104.9580;34.5;;0.050301;;159;325;;;;;;;;;;;
104.9728;;14.7;;;;;;159;325;160;317;80.0;-20.0;0.9;0.1;5.8;0.7;1436;1505;161.3;50.1;324.5;-13.1
105.0069;34.1;;0.048248;;163;325;;;;;;;;;;;
105.0216;;14.7;;;;;;163;325;160;317;80.0;0.0;1.0;0.1;7.0;0.4;1428;1502;165.3;51.3;324.3;-10.8
105.0558;34.2;;0.049617;;167;325;;;;;;;;;;;
105.0707;;14.8;;;;;;167;325;160;317;80.0;0.0;1.2;0.1;8.1;0.6;1419;1504;169.3;51.0;324.4;-8.2
105.1050;34.4;;0.047222;;171;324;;;;;;;;;;;
105.1198;;14.8;;;;;;171;324;160;317;80.0;-20.0;1.4;0.1;9.1;0.7;1411;1505;173.3;49.6;323.6;-11.2
105.1542;34.4;;0.051670;;174;324;;;;;;;;;;;
105.1689;;14.7;;;;;;174;324;160;317;60.0;0.0;1.4;0.1;9.6;0.4;1407;1502;176.2;42.8;323.4;-9.4
105.2029;33.9;;0.055776;;177;324;;;;;;;;;;;
105.2176;;14.7;;;;;;177;324;160;317;60.0;0.0;1.4;0.1;9.5;0.6;1408;1504;178.9;36.5;323.5;-7.2
105.2520;34.4;;0.050986;;180;323;;;;;;;;;;;
105.2668;;14.7;;;;;;180;323;160;317;60.0;-20.0;1.4;0.1;9.5;0.6;1408;1504;181.6;32.0;322.6;-10.4
105.3008;34.1;;0.048248;;183;323;;;;;;;;;;;
105.3156;;14.7;;;;;;183;323;160;317;60.0;0.0;1.5;0.0;9.7;0.2;1407;1501;184.3;28.8;322.5;-8.7
105.3500;34.5;;0.052354;;186;323;;;;;;;;;;;
105.3648;;14.7;;;;;;186;323;160;317;60.0;0.0;1.5;0.1;10.0;0.4;1404;1503;187.2;26.4;322.6;-6.5
105.3989;34.1;;0.051670;;188;323;;;;;;;;;;;
105.4136;;14.7;;;;;;188;323;160;317;40.0;0.0;1.5;0.1;10.2;0.7;1403;1505;189.0;19.6;322.7;-5.0
105.4467;33.0;;0.052354;;190;323;;;;;;;;;;;
105.4614;;14.7;;;;;;190;323;160;317;40.0;0.0;1.5;0.1;9.9;0.9;1405;1506;190.7;13.8;322.7;-4.2
105.4968;35.4;;0.050643;;192;323;;;;;;;;;;;
105.5116;;14.7;;;;;;192;323;160;317;40.0;0.0;1.4;0.1;9.7;1.0;1407;1507;192.4;10.0;322.8;-3.9
105.5463;34.7;;0.050643;;193;324;;;;;;;;;;;
105.5610;;14.7;;;;;;193;324;160;317;20.0;20.0;1.4;0.2;9.4;1.3;1409;1509;193.2;2.7;323.8;1.0
105.5912;30.2;;0.057829;;194;324;;;;;;;;;;;
105.6060;;14.7;;;;;;194;324;160;317;20.0;0.0;1.3;0.3;8.8;1.9;1414;1514;193.9;-2.9;324.0;0.1
105.6442;38.2;;0.053381;;195;325;;;;;;;;;;;
105.6589;;14.7;;;;;;195;325;160;317;20.0;20.0;1.2;0.3;8.3;2.0;1417;1515;194.6;-6.3;325.0;3.0
105.6892;30.3;;0.045168;;195;325;;;;;;;;;;;
105.7040;;14.8;;;;;;195;325;160;317;0.0;0.0;1.2;0.4;7.9;2.4;1420;1517;194.5;-12.9;325.1;0.7
105.7384;34.4;;0.059882;;195;325;;;;;;;;;;;
105.7531;;14.8;;;;;;195;325;160;317;0.0;0.0;1.1;0.3;7.1;2.1;1427;1515;194.2;-17.8;325.0;-1.9
105.7897;36.5;;0.047906;;195;325;;;;;;;;;;;
105.8044;;14.8;;;;;;195;325;160;317;0.0;0.0;1.0;0.3;6.5;1.7;1431;1513;193.9;-20.6;324.9;-3.7
105.8400;35.5;;0.052354;;195;324;;;;;;;;;;;
105.8547;;14.7;;;;;;195;324;160;317;0.0;-20.0;0.9;0.2;6.1;1.3;1434;1509;193.8;-21.8;323.8;-9.3
105.8890;34.3;;0.047222;;194;324;;;;;;;;;;;
105.9038;;14.8;;;;;;194;324;160;317;-20.0;0.0;0.9;0.1;5.7;0.6;1437;1504;192.8;-26.9;323.5;-8.9
105.9381;34.3;;0.048933;;193;323;;;;;;;;;;;
105.9529;;14.8;;;;;;193;323;160;317;-20.0;-20.0;0.7;0.1;4.8;0.4;1444;1502;191.5;-30.9;322.5;-11.9
105.9869;34.0;;0.052354;;192;323;;;;;;;;;;;
106.0016;;14.7;;;;;;192;323;160;317;-20.0;0.0;0.6;0.0;4.1;0.0;1449;1500;190.3;-32.9;322.4;-9.6
106.0357;34.1;;0.050643;;191;323;;;;;;;;;;;
106.0505;;14.7;;;;;;191;323;160;317;-20.0;0.0;0.5;0.0;3.6;0.3;1453;1502;189.3;-33.5;322.5;-7.0
106.0844;34.0;;0.051670;;191;323;;;;;;;;;;;
106.0992;;14.7;;;;;;191;323;160;317;0.0;0.0;0.5;0.1;3.5;0.6;1454;1504;189.2;-28.5;322.6;-5.2
106.1337;34.5;;0.050301;;190;323;;;;;;;;;;;
106.1484;;14.7;;;;;;190;323;160;317;-20.0;0.0;0.6;0.1;3.9;0.8;1451;1506;188.5;-28.9;322.7;-4.3
106.1829;34.5;;0.052012;;189;324;;;;;;;;;;;
106.1976;;14.7;;;;;;189;324;160;317;-20.0;20.0;0.5;0.2;3.6;1.2;1453;1509;187.5;-30.1;323.8;0.9
106.2316;34.0;;0.051670;;188;324;;;;;;;;;;;
106.2464;;14.7;;;;;;188;324;160;317;-20.0;0.0;0.5;0.3;3.2;1.8;1456;1514;186.4;-30.8;324.0;0.1
106.2806;34.2;;0.049959;;188;325;;;;;;;;;;;
106.2953;;14.7;;;;;;188;325;160;317;0.0;20.0;0.5;0.3;3.1;2.0;1457;1515;186.4;-26.2;325.0;3.0
106.3299;34.6;;0.051670;;187;326;;;;;;;;;;;
106.3446;;14.7;;;;;;187;326;160;317;-20.0;20.0;0.5;0.4;3.5;2.6;1454;1519;185.6;-26.8;326.1;5.5
106.3786;34.0;;0.111210;;187;327;;;;;;;;;;;
106.3934;;14.7;;;;;;187;327;160;317;0.0;20.0;0.5;0.5;3.4;3.2;1455;1524;185.6;-23.4;327.2;6.7
106.4277;34.3;;0.046879;;187;328;;;;;;;;;;;
106.4424;;14.7;;;;;;187;328;160;317;0.0;20.0;0.6;0.5;3.8;3.6;1452;1527;185.7;-20.3;328.2;6.9
106.4769;34.5;;0.048590;;187;329;;;;;;;;;;;
106.4917;;14.7;;;;;;187;329;160;317;0.0;20.0;0.6;0.6;4.2;3.8;1449;1529;185.9;-18.4;329.2;6.7
106.5260;34.4;;0.048590;;187;330;;;;;;;;;;;
106.5408;;14.7;;;;;;187;330;160;317;0.0;20.0;0.7;0.6;4.4;4.1;1447;1530;186.0;-17.5;330.2;6.1
106.5750;34.3;;0.047222;;188;330;;;;;;;;;;;
106.5898;;14.7;;;;;;188;330;160;317;20.0;0.0;0.7;0.6;4.8;4.0;1444;1530;187.0;-12.4;330.2;0.7
106.6203;30.5;;0.045511;;188;331;;;;;;;;;;;
106.6351;;14.7;;;;;;188;331;160;317;0.0;20.0;0.8;0.5;5.4;3.6;1439;1527;187.2;-13.2;330.9;0.9
106.6693;34.2;;0.050301;;188;331;;;;;;;;;;;
106.6841;;14.7;;;;;;188;331;160;317;0.0;0.0;0.8;0.5;5.3;3.6;1440;1527;187.2;-15.0;331.0;-2.6
106.7221;38.0;;0.048590;;188;331;;;;;;;;;;;
106.7369;;14.8;;;;;;188;331;160;317;0.0;0.0;0.8;0.5;5.1;3.2;1442;1524;187.1;-16.4;330.8;-5.7
106.7712;34.4;;0.052012;;187;331;;;;;;;;;;;
106.7860;;14.8;;;;;;187;331;160;317;-20.0;0.0;0.7;0.4;4.7;2.8;1445;1521;186.1;-22.0;330.6;-7.6
106.8199;33.9;;0.050643;;187;331;;;;;;;;;;;
106.8347;;14.7;;;;;;187;331;160;317;0.0;0.0;0.6;0.4;4.0;2.5;1450;1519;185.8;-21.5;330.6;-8.5
106.8691;34.5;;0.052697;;186;331;;;;;;;;;;;
106.8838;;14.7;;;;;;186;331;160;317;-20.0;0.0;0.6;0.4;3.8;2.4;1452;1518;184.8;-24.5;330.5;-8.8
106.9177;33.9;;0.052354;;186;331;;;;;;;;;;;
106.9325;;14.7;;;;;;186;331;160;317;0.0;0.0;0.5;0.4;3.4;2.4;1455;1518;184.7;-22.3;330.5;-8.9
106.9667;34.2;;0.051670;;185;331;;;;;;;;;;;
106.9815;;14.7;;;;;;185;331;160;317;-20.0;0.0;0.5;0.4;3.4;2.4;1454;1518;183.8;-24.4;330.5;-8.9
107.0158;34.3;;0.051328;;185;331;;;;;;;;;;;
107.0305;;14.7;;;;;;185;331;160;317;0.0;0.0;0.5;0.4;3.2;2.4;1456;1518;183.7;-21.7;330.5;-8.9
107.0648;34.2;;0.050643;;185;332;;;;;;;;;;;
107.0795;;14.7;;;;;;185;332;160;317;0.0;20.0;0.5;0.4;3.5;2.6;1454;1519;183.8;-19.0;331.5;-4.2
107.1135;34.0;;0.050986;;185;332;;;;;;;;;;;
107.1283;;14.7;;;;;;185;332;160;317;0.0;0.0;0.6;0.5;3.9;3.2;1451;1524;183.9;-17.2;331.7;-5.0
107.1629;34.6;;0.050301;;186;332;;;;;;;;;;;
107.1777;;14.7;;;;;;186;332;160;317;20.0;0.0;0.6;0.5;4.3;3.1;1448;1523;185.0;-11.5;331.7;-6.8
107.2116;34.0;;0.046537;;186;332;;;;;;;;;;;
107.2264;;14.7;;;;;;186;332;160;317;0.0;0.0;0.8;0.4;5.0;2.9;1442;1521;185.3;-12.0;331.6;-8.2
107.2605;34.1;;0.048933;;186;332;;;;;;;;;;;
107.2752;;14.7;;;;;;186;332;160;317;0.0;0.0;0.7;0.4;5.0;2.7;1443;1520;185.3;-13.8;331.5;-9.0
107.3100;34.8;;0.050986;;186;331;;;;;;;;;;;
107.3248;;14.7;;;;;;186;331;160;317;0.0;-20.0;0.7;0.4;4.7;2.4;1444;1517;185.2;-15.2;330.5;-14.1
107.3584;33.6;;0.045168;;186;331;;;;;;;;;;;
107.3732;;14.7;;;;;;186;331;160;317;0.0;0.0;0.7;0.3;4.6;1.7;1446;1513;185.1;-16.0;330.2;-13.4
107.4041;31.0;;0.042431;;186;331;;;;;;;;;;;
107.4189;;14.7;;;;;;186;331;160;317;0.0;0.0;0.7;0.3;4.5;1.8;1446;1513;185.1;-16.3;330.3;-11.6
107.4532;34.4;;0.045168;;185;331;;;;;;;;;;;
107.4680;;14.7;;;;;;185;331;160;317;-20.0;0.0;0.6;0.3;4.2;2.0;1449;1515;184.1;-21.2;330.4;-10.1
107.5019;33.9;;0.046195;;185;331;;;;;;;;;;;
107.5166;;14.7;;;;;;185;331;160;317;0.0;0.0;0.5;0.3;3.6;2.2;1453;1516;183.8;-20.4;330.4;-9.4
107.5539;37.3;;0.050986;;185;332;;;;;;;;;;;
107.5687;;14.7;;;;;;185;332;160;317;0.0;20.0;0.6;0.4;3.7;2.6;1453;1519;183.9;-18.5;331.5;-4.3
107.6036;35.0;;0.049617;;185;332;;;;;;;;;;;
107.6184;;14.7;;;;;;185;332;160;317;0.0;0.0;0.6;0.5;3.9;3.2;1451;1524;184.0;-17.1;331.7;-5.0
107.6522;33.8;;0.050986;;185;332;;;;;;;;;;;
107.6670;;14.7;;;;;;185;332;160;317;0.0;0.0;0.6;0.5;4.1;3.1;1449;1523;184.0;-16.3;331.7;-6.8
107.7017;34.7;;0.049617;;186;332;;;;;;;;;;;
107.7164;;14.7;;;;;;186;332;160;317;20.0;0.0;0.7;0.4;4.4;2.9;1447;1521;185.1;-11.2;331.6;-8.2
107.7503;33.9;;0.051328;;186;332;;;;;;;;;;;
107.7651;;14.7;;;;;;186;332;160;317;0.0;0.0;0.8;0.4;5.1;2.7;1442;1520;185.3;-11.9;331.5;-9.0
107.7997;34.6;;0.048933;;185;332;;;;;;;;;;;
107.8145;;14.7;;;;;;185;332;160;317;-20.0;0.0;0.7;0.4;4.7;2.6;1445;1519;184.3;-18.5;331.5;-9.4
107.8485;34.0;;0.050986;;185;331;;;;;;;;;;;
107.8632;;14.7;;;;;;185;331;160;317;0.0;-20.0;0.6;0.3;3.9;2.3;1451;1517;184.0;-19.1;330.5;-14.2
107.8975;34.3;;0.050986;;185;331;;;;;;;;;;;
107.9123;;14.7;;;;;;185;331;160;317;0.0;0.0;0.6;0.3;3.8;1.7;1451;1513;183.9;-18.0;330.2;-13.4
107.9466;34.4;;0.049959;;185;332;;;;;;;;;;;
107.9614;;14.7;;;;;;185;332;160;317;0.0;20.0;0.6;0.3;4.0;2.1;1450;1515;184.0;-17.0;331.3;-6.8
107.9954;34.0;;0.046879;;185;332;;;;;;;;;;;
108.0102;;14.7;;;;;;185;332;160;317;0.0;0.0;0.6;0.4;4.1;2.9;1449;1521;184.0;-16.3;331.6;-6.3
108.0443;34.1;;0.046537;;185;332;;;;;;;;;;;
108.0590;;14.7;;;;;;185;332;160;317;0.0;0.0;0.6;0.4;4.2;2.9;1449;1522;184.1;-16.0;331.6;-7.3
108.0935;34.5;;0.048248;;185;332;;;;;;;;;;;
108.1082;;14.7;;;;;;185;332;160;317;0.0;0.0;0.6;0.4;4.2;2.8;1448;1521;184.1;-15.8;331.6;-8.4
108.1424;34.1;;0.047564;;185;332;;;;;;;;;;;
108.1571;;14.7;;;;;;185;332;160;317;0.0;0.0;0.6;0.4;4.2;2.7;1448;1520;184.1;-15.8;331.5;-9.0
108.1917;34.6;;0.049959;;185;332;;;;;;;;;;;
108.2064;;14.7;;;;;;185;332;160;317;0.0;0.0;0.6;0.4;4.2;2.6;1448;1519;184.1;-15.8;331.5;-9.4
108.2406;34.2;;0.048933;;185;332;;;;;;;;;;;
108.2553;;14.7;;;;;;185;332;160;317;0.0;0.0;0.6;0.4;4.2;2.6;1448;1519;184.1;-15.8;331.5;-9.5
108.2896;34.3;;0.051328;;185;332;;;;;;;;;;;
108.3044;;14.7;;;;;;185;332;160;317;0.0;0.0;0.6;0.4;4.2;2.5;1448;1519;184.1;-15.8;331.5;-9.5
108.3385;34.1;;0.050301;;185;332;;;;;;;;;;;
108.3533;;14.8;;;;;;185;332;160;317;0.0;0.0;0.6;0.4;4.2;2.5;1448;1519;184.1;-15.8;331.5;-9.5
108.3874;34.1;;0.049617;;185;332;;;;;;;;;;;
108.4021;;14.7;;;;;;185;332;160;317;0.0;0.0;0.6;0.4;4.2;2.5;1448;1519;184.1;-15.8;331.5;-9.5
108.4364;34.3;;0.049959;;185;332;;;;;;;;;;;
108.4512;;14.8;;;;;;185;332;160;317;0.0;0.0;0.6;0.4;4.2;2.5;1448;1519;184.1;-15.8;331.5;-9.5
108.4854;34.2;;0.050301;;185;332;;;;;;;;;;;
108.5001;;14.7;;;;;;185;332;160;317;0.0;0.0;0.6;0.4;4.2;2.5;1448;1519;184.1;-15.8;331.5;-9.5
108.5344;34.3;;0.051670;;185;332;;;;;;;;;;;
108.5491;;14.7;;;;;;185;332;160;317;0.0;0.0;0.6;0.4;4.2;2.5;1448;1519;184.1;-15.8;331.5;-9.5
108.5833;34.2;;0.050301;;185;332;;;;;;;;;;;
108.5981;;14.7;;;;;;185;332;160;317;0.0;0.0;0.6;0.4;4.2;2.5;1448;1519;184.1;-15.8;331.5;-9.5
108.6324;34.4;;0.050986;;185;332;;;;;;;;;;;
108.6472;;14.7;;;;;;185;332;160;317;0.0;0.0;0.6;0.4;4.2;2.5;1448;1519;184.1;-15.8;331.5;-9.5
108.6814;34.2;;0.048933;;185;332;;;;;;;;;;;
108.6961;;14.7;;;;;;185;332;160;317;0.0;0.0;0.6;0.4;4.2;2.5;1448;1519;184.1;-15.8;331.5;-9.5
108.7305;34.3;;0.051328;;185;332;;;;;;;;;;;
108.7452;;14.7;;;;;;185;332;160;317;0.0;0.0;0.6;0.4;4.2;2.5;1448;1519;184.1;-15.8;331.5;-9.5
108.7793;34.1;;0.049617;;185;332;;;;;;;;;;;
108.7941;;14.7;;;;;;185;332;160;317;0.0;0.0;0.6;0.4;4.2;2.5;1448;1519;184.1;-15.8;331.5;-9.5
108.8284;34.4;;0.048590;;185;332;;;;;;;;;;;
108.8432;;14.7;;;;;;185;332;160;317;0.0;0.0;0.6;0.4;4.2;2.5;1448;1519;184.1;-15.8;331.5;-9.5
108.8775;34.3;;0.048933;;185;332;;;;;;;;;;;
108.8922;;14.7;;;;;;185;332;160;317;0.0;0.0;0.6;0.4;4.2;2.5;1448;1519;184.1;-15.8;331.5;-9.5
108.9262;34.0;;0.047564;;185;332;;;;;;;;;;;
108.9410;;14.7;;;;;;185;332;160;317;0.0;0.0;0.6;0.4;4.2;2.5;1448;1519;184.1;-15.8;331.5;-9.5
108.9753;34.3;;0.046879;;185;332;;;;;;;;;;;
108.9900;;14.7;;;;;;185;332;160;317;0.0;0.0;0.6;0.4;4.2;2.5;1448;1519;184.1;-15.8;331.5;-9.5
109.0242;34.2;;0.051328;;185;332;;;;;;;;;;;
109.0389;;14.7;;;;;;185;332;160;317;0.0;0.0;0.6;0.4;4.2;2.5;1448;1519;184.1;-15.8;331.5;-9.5
109.0732;34.3;;0.046879;;185;332;;;;;;;;;;;
109.0879;;14.7;;;;;;185;332;160;317;0.0;0.0;0.6;0.4;4.2;2.5;1448;1519;184.1;-15.8;331.5;-9.5
109.1224;34.5;;0.046195;;185;332;;;;;;;;;;;
109.1372;;14.8;;;;;;185;332;160;317;0.0;0.0;0.6;0.4;4.2;2.5;1448;1519;184.1;-15.8;331.5;-9.5
109.1712;34.0;;0.049617;;185;332;;;;;;;;;;;
109.1860;;14.8;;;;;;185;332;160;317;0.0;0.0;0.6;0.4;4.2;2.5;1448;1519;184.1;-15.8;331.5;-9.5
109.2204;34.4;;0.051670;;185;332;;;;;;;;;;;
109.2351;;14.7;;;;;;185;332;160;317;0.0;0.0;0.6;0.4;4.2;2.5;1448;1519;184.1;-15.8;331.5;-9.5
109.2694;34.3;;0.050301;;185;332;;;;;;;;;;;
109.2842;;14.7;;;;;;185;332;160;317;0.0;0.0;0.6;0.4;4.2;2.5;1448;1519;184.1;-15.8;331.5;-9.5
109.3182;34.0;;0.050643;;185;332;;;;;;;;;;;
109.3329;;14.7;;;;;;185;332;160;317;0.0;0.0;0.6;0.4;4.2;2.5;1448;1519;184.1;-15.8;331.5;-9.5
109.3672;34.3;;0.049275;;185;332;;;;;;;;;;;
109.3819;;14.7;;;;;;185;332;160;317;0.0;0.0;0.6;0.4;4.2;2.5;1448;1519;184.1;-15.8;331.5;-9.5
109.4162;34.3;;0.048590;;185;332;;;;;;;;;;;
109.4309;;14.7;;;;;;185;332;160;317;0.0;0.0;0.6;0.4;4.2;2.5;1448;1519;184.1;-15.8;331.5;-9.5
109.4653;34.4;;0.045511;;185;332;;;;;;;;;;;
109.4801;;14.7;;;;;;185;332;160;317;0.0;0.0;0.6;0.4;4.2;2.5;1448;1519;184.1;-15.8;331.5;-9.5
109.5142;34.1;;0.048248;;185;332;;;;;;;;;;;
109.5289;;14.7;;;;;;185;332;160;317;0.0;0.0;0.6;0.4;4.2;2.5;1448;1519;184.1;-15.8;331.5;-9.5
109.5633;34.4;;0.047222;;185;332;;;;;;;;;;;
109.5780;;14.7;;;;;;185;332;160;317;0.0;0.0;0.6;0.4;4.2;2.5;1448;1519;184.1;-15.8;331.5;-9.5
109.6125;34.4;;0.045511;;185;332;;;;;;;;;;;
109.6272;;14.7;;;;;;185;332;160;317;0.0;0.0;0.6;0.4;4.2;2.5;1448;1519;184.1;-15.8;331.5;-9.5
109.6615;34.3;;0.046195;;185;332;;;;;;;;;;;
109.6763;;14.7;;;;;;185;332;160;317;0.0;0.0;0.6;0.4;4.2;2.5;1448;1519;184.1;-15.8;331.5;-9.5
109.7104;34.1;;0.047564;;185;332;;;;;;;;;;;
109.7251;;14.7;;;;;;185;332;160;317;0.0;0.0;0.6;0.4;4.2;2.5;1448;1519;184.1;-15.8;331.5;-9.5
109.7593;34.2;;0.044142;;185;332;;;;;;;;;;;
109.7740;;14.7;;;;;;185;332;160;317;0.0;0.0;0.6;0.4;4.2;2.5;1448;1519;184.1;-15.8;331.5;-9.5
109.8085;34.4;;0.049275;;185;332;;;;;;;;;;;
109.8232;;14.7;;;;;;185;332;160;317;0.0;0.0;0.6;0.4;4.2;2.5;1448;1519;184.1;-15.8;331.5;-9.5
109.8539;30.7;;0.057829;;185;332;;;;;;;;;;;
109.8686;;14.7;;;;;;185;332;160;317;0.0;0.0;0.6;0.4;4.2;2.5;1448;1519;184.1;-15.8;331.5;-9.5
109.9065;37.9;;0.050643;;185;332;;;;;;;;;;;
109.9212;;14.7;;;;;;185;332;160;317;0.0;0.0;0.6;0.4;4.2;2.5;1448;1519;184.1;-15.8;331.5;-9.5
109.9518;30.6;;0.045168;;185;332;;;;;;;;;;;
109.9666;;14.7;;;;;;185;332;160;317;0.0;0.0;0.6;0.4;4.2;2.5;1448;1519;184.1;-15.8;331.5;-9.5
110.0008;34.2;;0.043800;;185;332;;;;;;;;;;;
110.0155;;14.7;;;;;;185;332;160;317;0.0;0.0;0.6;0.4;4.2;2.5;1448;1519;184.1;-15.8;331.5;-9.5
110.0537;38.2;;0.044484;;185;332;;;;;;;;;;;
110.0685;;14.7;;;;;;185;332;160;317;0.0;0.0;0.6;0.4;4.2;2.5;1448;1519;184.1;-15.8;331.5;-9.5
110.1025;34.1;;0.054065;;185;332;;;;;;;;;;;
110.1173;;14.7;;;;;;185;332;160;317;0.0;0.0;0.6;0.4;4.2;2.5;1448;1519;184.1;-15.8;331.5;-9.5
110.1512;34.0;;0.048590;;185;332;;;;;;;;;;;
110.1660;;14.7;;;;;;185;332;160;317;0.0;0.0;0.6;0.4;4.2;2.5;1448;1519;184.1;-15.8;331.5;-9.5
110.2002;34.2;;0.047222;;185;332;;;;;;;;;;;
110.2149;;14.7;;;;;;185;332;160;317;0.0;0.0;0.6;0.4;4.2;2.5;1448;1519;184.1;-15.8;331.5;-9.5
110.2493;34.3;;0.046195;;185;332;;;;;;;;;;;
110.2640;;14.7;;;;;;185;332;160;317;0.0;0.0;0.6;0.4;4.2;2.5;1448;1519;184.1;-15.8;331.5;-9.5
110.2983;34.3;;0.044484;;185;332;;;;;;;;;;;
110.3131;;14.7;;;;;;185;332;160;317;0.0;0.0;0.6;0.4;4.2;2.5;1448;1519;184.1;-15.8;331.5;-9.5
110.3474;34.3;;0.051328;;185;332;;;;;;;;;;;
110.3621;;14.7;;;;;;185;332;160;317;0.0;0.0;0.6;0.4;4.2;2.5;1448;1519;184.1;-15.8;331.5;-9.5
110.3964;34.3;;0.048590;;185;332;;;;;;;;;;;
110.4112;;14.7;;;;;;185;332;160;317;0.0;0.0;0.6;0.4;4.2;2.5;1448;1519;184.1;-15.8;331.5;-9.5
110.4451;33.9;;0.046195;;185;332;;;;;;;;;;;
110.4598;;14.7;;;;;;185;332;160;317;0.0;0.0;0.6;0.4;4.2;2.5;1448;1519;184.1;-15.8;331.5;-9.5
110.4941;34.2;;0.046195;;185;332;;;;;;;;;;;
110.5088;;14.7;;;;;;185;332;160;317;0.0;0.0;0.6;0.4;4.2;2.5;1448;1519;184.1;-15.8;331.5;-9.5
110.5433;34.5;;0.047906;;185;332;;;;;;;;;;;
110.5581;;14.7;;;;;;185;332;160;317;0.0;0.0;0.6;0.4;4.2;2.5;1448;1519;184.1;-15.8;331.5;-9.5
110.5923;34.2;;0.050301;;185;332;;;;;;;;;;;
110.6070;;14.7;;;;;;185;332;160;317;0.0;0.0;0.6;0.4;4.2;2.5;1448;1519;184.1;-15.8;331.5;-9.5
110.6413;34.3;;0.048248;;185;332;;;;;;;;;;;
110.6561;;14.7;;;;;;185;332;160;317;0.0;0.0;0.6;0.4;4.2;2.5;1448;1519;184.1;-15.8;331.5;-9.5
110.6901;34.0;;0.050643;;185;332;;;;;;;;;;;
110.7049;;14.7;;;;;;185;332;160;317;0.0;0.0;0.6;0.4;4.2;2.5;1448;1519;184.1;-15.8;331.5;-9.5
110.7392;34.3;;0.049959;;185;332;;;;;;;;;;;
110.7539;;14.8;;;;;;185;332;160;317;0.0;0.0;0.6;0.4;4.2;2.5;1448;1519;184.1;-15.8;331.5;-9.5
110.7881;34.2;;0.048933;;185;332;;;;;;;;;;;
110.8029;;14.8;;;;;;185;332;160;317;0.0;0.0;0.6;0.4;4.2;2.5;1448;1519;184.1;-15.8;331.5;-9.5
110.8372;34.3;;0.049617;;185;332;;;;;;;;;;;
110.8520;;14.7;;;;;;185;332;160;317;0.0;0.0;0.6;0.4;4.2;2.5;1448;1519;184.1;-15.8;331.5;-9.5
110.8860;34.0;;0.051328;;185;332;;;;;;;;;;;
110.9007;;14.7;;;;;;185;332;160;317;0.0;0.0;0.6;0.4;4.2;2.5;1448;1519;184.1;-15.8;331.5;-9.5
110.9350;34.2;;0.049617;;185;332;;;;;;;;;;;
110.9497;;14.7;;;;;;185;332;160;317;0.0;0.0;0.6;0.4;4.2;2.5;1448;1519;184.1;-15.8;331.5;-9.5
110.9840;34.3;;0.051670;;185;332;;;;;;;;;;;
110.9988;;14.7;;;;;;185;332;160;317;0.0;0.0;0.6;0.4;4.2;2.5;1448;1519;184.1;-15.8;331.5;-9.5
111.0333;34.5;;0.051670;;185;332;;;;;;;;;;;
111.0480;;14.7;;;;;;185;332;160;317;0.0;0.0;0.6;0.4;4.2;2.5;1448;1519;184.1;-15.8;331.5;-9.5
111.0823;34.3;;0.047906;;185;332;;;;;;;;;;;
111.0970;;14.7;;;;;;185;332;160;317;0.0;0.0;0.6;0.4;4.2;2.5;1448;1519;184.1;-15.8;331.5;-9.5
111.1314;34.4;;0.051328;;185;332;;;;;;;;;;;
111.1462;;14.7;;;;;;185;332;160;317;0.0;0.0;0.6;0.4;4.2;2.5;1448;1519;184.1;-15.8;331.5;-9.5
111.1800;33.8;;0.047564;;185;332;;;;;;;;;;;
111.1947;;14.7;;;;;;185;332;160;317;0.0;0.0;0.6;0.4;4.2;2.5;1448;1519;184.1;-15.8;331.5;-9.5
111.2294;34.7;;0.048248;;185;332;;;;;;;;;;;
111.2442;;14.7;;;;;;185;332;160;317;0.0;0.0;0.6;0.4;4.2;2.5;1448;1519;184.1;-15.8;331.5;-9.5
111.2781;33.9;;0.047906;;185;332;;;;;;;;;;;
111.2928;;14.7;;;;;;185;332;160;317;0.0;0.0;0.6;0.4;4.2;2.5;1448;1519;184.1;-15.8;331.5;-9.5
111.3273;34.5;;0.047564;;185;332;;;;;;;;;;;
111.3420;;14.7;;;;;;185;332;160;317;0.0;0.0;0.6;0.4;4.2;2.5;1448;1519;184.1;-15.8;331.5;-9.5
111.3761;34.1;;0.051670;;185;332;;;;;;;;;;;
111.3908;;14.7;;;;;;185;332;160;317;0.0;0.0;0.6;0.4;4.2;2.5;1448;1519;184.1;-15.8;331.5;-9.5
111.4254;34.6;;0.047906;;185;332;;;;;;;;;;;
111.4402;;14.8;;;;;;185;332;160;317;0.0;0.0;0.6;0.4;4.2;2.5;1448;1519;184.1;-15.8;331.5;-9.5
111.4706;30.4;;0.045853;;185;332;;;;;;;;;;;
111.4854;;14.7;;;;;;185;332;160;317;0.0;0.0;0.6;0.4;4.2;2.5;1448;1519;184.1;-15.8;331.5;-9.5
111.5233;38.0;;0.049617;;185;332;;;;;;;;;;;
111.5381;;14.7;;;;;;185;332;160;317;0.0;0.0;0.6;0.4;4.2;2.5;1448;1519;184.1;-15.8;331.5;-9.5
111.5686;30.5;;0.054407;;185;332;;;;;;;;;;;
111.5833;;14.7;;;;;;185;332;160;317;0.0;0.0;0.6;0.4;4.2;2.5;1448;1519;184.1;-15.8;331.5;-9.5
111.6216;38.3;;0.049617;;185;332;;;;;;;;;;;
111.6364;;14.8;;;;;;185;332;160;317;0.0;0.0;0.6;0.4;4.2;2.5;1448;1519;184.1;-15.8;331.5;-9.5
111.6703;34.0;;0.050301;;185;332;;;;;;;;;;;
111.6851;;14.7;;;;;;185;332;160;317;0.0;0.0;0.6;0.4;4.2;2.5;1448;1519;184.1;-15.8;331.5;-9.5
111.7193;34.2;;0.052354;;185;332;;;;;;;;;;;
111.7340;;14.7;;;;;;185;332;160;317;0.0;0.0;0.6;0.4;4.2;2.5;1448;1519;184.1;-15.8;331.5;-9.5
111.7681;34.1;;0.053723;;185;332;;;;;;;;;;;
111.7828;;14.7;;;;;;185;332;160;317;0.0;0.0;0.6;0.4;4.2;2.5;1448;1519;184.1;-15.8;331.5;-9.5
111.8172;34.4;;0.050986;;185;332;;;;;;;;;;;
111.8320;;14.7;;;;;;185;332;160;317;0.0;0.0;0.6;0.4;4.2;2.5;1448;1519;184.1;-15.8;331.5;-9.5
111.8659;34.0;;0.047564;;185;332;;;;;;;;;;;
111.8807;;14.7;;;;;;185;332;160;317;0.0;0.0;0.6;0.4;4.2;2.5;1448;1519;184.1;-15.8;331.5;-9.5
111.9150;34.3;;0.047564;;185;332;;;;;;;;;;;
111.9297;;14.7;;;;;;185;332;160;317;0.0;0.0;0.6;0.4;4.2;2.5;1448;1519;184.1;-15.8;331.5;-9.5
111.9640;34.3;;0.048248;;185;332;;;;;;;;;;;
111.9787;;14.7;;;;;;185;332;160;317;0.0;0.0;0.6;0.4;4.2;2.5;1448;1519;184.1;-15.8;331.5;-9.5
112.0132;34.5;;0.048590;;185;332;;;;;;;;;;;
112.0279;;14.7;;;;;;185;332;160;317;0.0;0.0;0.6;0.4;4.2;2.5;1448;1519;184.1;-15.8;331.5;-9.5
112.0622;34.2;;0.048248;;185;332;;;;;;;;;;;
112.0769;;14.7;;;;;;185;332;160;317;0.0;0.0;0.6;0.4;4.2;2.5;1448;1519;184.1;-15.8;331.5;-9.5
112.1111;34.2;;0.047906;;185;332;;;;;;;;;;;
112.1258;;14.7;;;;;;185;332;160;317;0.0;0.0;0.6;0.4;4.2;2.5;1448;1519;184.1;-15.8;331.5;-9.5
112.1601;34.3;;0.049959;;185;332;;;;;;;;;;;
112.1748;;14.7;;;;;;185;332;160;317;0.0;0.0;0.6;0.4;4.2;2.5;1448;1519;184.1;-15.8;331.5;-9.5
112.2089;34.1;;0.049275;;185;332;;;;;;;;;;;
112.2237;;14.7;;;;;;185;332;160;317;0.0;0.0;0.6;0.4;4.2;2.5;1448;1519;184.1;-15.8;331.5;-9.5
112.2581;34.4;;0.046879;;185;332;;;;;;;;;;;
112.2728;;14.7;;;;;;185;332;160;317;0.0;0.0;0.6;0.4;4.2;2.5;1448;1519;184.1;-15.8;331.5;-9.5
112.3070;34.1;;0.046195;;185;332;;;;;;;;;;;
112.3217;;14.7;;;;;;185;332;160;317;0.0;0.0;0.6;0.4;4.2;2.5;1448;1519;184.1;-15.8;331.5;-9.5
112.3561;34.4;;0.049275;;185;332;;;;;;;;;;;
112.3708;;14.7;;;;;;185;332;160;317;0.0;0.0;0.6;0.4;4.2;2.5;1448;1519;184.1;-15.8;331.5;-9.5
112.4051;34.3;;0.049617;;185;332;;;;;;;;;;;
112.4199;;14.8;;;;;;185;332;160;317;0.0;0.0;0.6;0.4;4.2;2.5;1448;1519;184.1;-15.8;331.5;-9.5
112.4542;34.3;;0.048933;;185;332;;;;;;;;;;;
112.4689;;14.7;;;;;;185;332;160;317;0.0;0.0;0.6;0.4;4.2;2.5;1448;1519;184.1;-15.8;331.5;-9.5
112.5033;34.3;;0.050301;;185;332;;;;;;;;;;;
112.5180;;14.7;;;;;;185;332;160;317;0.0;0.0;0.6;0.4;4.2;2.5;1448;1519;184.1;-15.8;331.5;-9.5
112.5485;30.5;;0.047222;;185;332;;;;;;;;;;;
112.5633;;14.7;;;;;;185;332;160;317;0.0;0.0;0.6;0.4;4.2;2.5;1448;1519;184.1;-15.8;331.5;-9.5
112.6013;38.0;;0.057145;;185;332;;;;;;;;;;;
112.6161;;14.7;;;;;;185;332;160;317;0.0;0.0;0.6;0.4;4.2;2.5;1448;1519;184.1;-15.8;331.5;-9.5
112.6465;30.4;;0.048248;;185;332;;;;;;;;;;;
112.6612;;14.7;;;;;;185;332;160;317;0.0;0.0;0.6;0.4;4.2;2.5;1448;1519;184.1;-15.8;331.5;-9.5
112.6954;34.1;;0.044484;;185;332;;;;;;;;;;;
112.7101;;14.7;;;;;;185;332;160;317;0.0;0.0;0.6;0.4;4.2;2.5;1448;1519;184.1;-15.8;331.5;-9.5
112.7468;36.7;;0.048248;;185;332;;;;;;;;;;;
112.7615;;14.7;;;;;;185;332;160;317;0.0;0.0;0.6;0.4;4.2;2.5;1448;1519;184.1;-15.8;331.5;-9.5
112.7972;35.7;;0.048248;;185;332;;;;;;;;;;;
112.8120;;14.7;;;;;;185;332;160;317;0.0;0.0;0.6;0.4;4.2;2.5;1448;1519;184.1;-15.8;331.5;-9.5
112.8462;34.2;;0.051328;;185;332;;;;;;;;;;;
112.8609;;14.7;;;;;;185;332;160;317;0.0;0.0;0.6;0.4;4.2;2.5;1448;1519;184.1;-15.8;331.5;-9.5
112.8951;34.1;;0.050986;;185;332;;;;;;;;;;;
112.9098;;14.7;;;;;;185;332;160;317;0.0;0.0;0.6;0.4;4.2;2.5;1448;1519;184.1;-15.8;331.5;-9.5
112.9441;34.3;;0.049617;;185;332;;;;;;;;;;;
112.9588;;14.7;;;;;;185;332;160;317;0.0;0.0;0.6;0.4;4.2;2.5;1448;1519;184.1;-15.8;331.5;-9.5
112.9931;34.2;;0.051328;;185;332;;;;;;;;;;;
113.0078;;14.7;;;;;;185;332;160;317;0.0;0.0;0.6;0.4;4.2;2.5;1448;1519;184.1;-15.8;331.5;-9.5
113.0422;34.4;;0.050643;;185;332;;;;;;;;;;;
113.0569;;14.7;;;;;;185;332;160;317;0.0;0.0;0.6;0.4;4.2;2.5;1448;1519;184.1;-15.8;331.5;-9.5
113.0912;34.3;;0.049617;;185;332;;;;;;;;;;;
113.1060;;14.7;;;;;;185;332;160;317;0.0;0.0;0.6;0.4;4.2;2.5;1448;1519;184.1;-15.8;331.5;-9.5
113.1400;34.0;;0.049275;;185;332;;;;;;;;;;;
113.1547;;14.7;;;;;;185;332;160;317;0.0;0.0;0.6;0.4;4.2;2.5;1448;1519;184.1;-15.8;331.5;-9.5
113.1891;34.4;;0.044142;;185;332;;;;;;;;;;;
113.2039;;14.8;;;;;;185;332;160;317;0.0;0.0;0.6;0.4;4.2;2.5;1448;1519;184.1;-15.8;331.5;-9.5
113.2380;34.2;;0.050986;;185;332;;;;;;;;;;;
113.2528;;14.8;;;;;;185;332;550;323;0.0;0.0;-13.9;0.2;-50.0;1.1;1860;1508;185.5;42.0;331.5;-7.9
113.2869;34.1;;0.050643;;185;332;;;;;;;;;;;
113.3017;;14.7;;;;;;185;332;550;323;0.0;0.0;-12.8;0.2;-50.0;1.3;1860;1509;188.4;92.7;331.6;-6.7
113.3359;34.2;;0.052697;;185;332;;;;;;;;;;;
113.3507;;14.7;;;;;;185;332;550;323;0.0;0.0;-11.9;0.2;-50.0;1.4;1860;1510;191.0;128.8;331.6;-6.1
113.3850;34.3;;0.047222;;185;332;;;;;;;;;;;
113.3997;;14.7;;;;;;185;332;550;323;0.0;0.0;-11.2;0.2;-50.0;1.5;1860;1511;192.8;152.3;331.7;-5.8
113.4338;34.1;;0.048933;;185;332;;;;;;;;;;;
113.4486;;14.8;;;;;;185;332;550;323;0.0;0.0;-10.8;0.2;-50.0;1.5;1860;1511;193.9;166.8;331.7;-5.7
113.4833;34.7;;0.055776;;188;333;;;;;;;;;;;
113.4981;;14.7;;;;;;188;333;550;323;60.0;20.0;-10.4;0.3;-50.0;1.8;1860;1513;197.7;190.4;332.7;-0.9
113.5322;34.1;;0.046879;;192;333;;;;;;;;;;;
113.5470;;14.7;;;;;;192;333;550;323;80.0;0.0;-9.8;0.4;-50.0;2.4;1860;1518;202.9;215.4;332.9;-1.8
113.5815;34.6;;0.048933;;199;333;;;;;;;;;;;
113.5963;;14.7;;;;;;199;333;550;323;140.0;0.0;-9.1;0.3;-50.0;2.3;1860;1517;211.1;249.4;332.8;-3.7
113.6303;34.0;;0.052012;;207;333;;;;;;;;;;;
113.6450;;14.7;;;;;;207;333;550;323;160.0;0.0;-8.1;0.3;-50.0;2.0;1860;1515;220.8;282.3;332.8;-5.1
113.6796;34.6;;0.049959;;218;332;;;;;;;;;;;
113.6943;;14.7;;;;;;218;332;550;323;220.0;-20.0;-7.1;0.2;-47.4;1.6;1840;1512;233.4;318.8;331.7;-10.6
113.7285;34.1;;0.051670;;231;332;;;;;;;;;;;
113.7432;;14.7;;;;;;231;332;550;323;260.0;0.0;-5.9;0.1;-39.6;0.9;1781;1506;248.0;349.2;331.4;-10.1
113.7777;34.5;;0.055092;;246;331;;;;;;;;;;;
113.7925;;14.7;;;;;;246;331;550;323;300.0;-20.0;-4.8;0.1;-32.1;0.7;1724;1505;264.3;373.4;330.5;-13.1
113.8262;33.7;;0.054065;;262;331;;;;;;;;;;;
113.8410;;14.7;;;;;;262;331;550;323;320.0;0.0;-3.8;0.1;-25.1;0.4;1671;1502;281.3;388.7;330.3;-10.9
113.8752;34.2;;0.048590;;280;330;;;;;;;;;;;
113.8899;;14.7;;;;;;280;330;550;323;360.0;-20.0;-2.8;0.1;-18.8;0.4;1623;1502;299.9;402.0;329.4;-13.0
113.9244;34.4;;0.049959;;299;329;;;;;;;;;;;
113.9391;;14.7;;;;;;299;329;550;323;380.0;-20.0;-1.9;-0.0;-12.4;-0.1;1574;1500;319.4;410.6;328.4;-15.1
113.9745;35.4;;0.050301;;318;329;;;;;;;;;;;
113.9893;;14.7;;;;;;318;329;550;323;380.0;0.0;-1.0;-0.1;-6.6;-0.4;1530;1498;338.7;410.5;328.3;-11.4
114.0288;39.5;;0.048933;;339;328;;;;;;;;;;;
114.0435;;14.7;;;;;;339;328;550;323;420.0;-20.0;-0.2;-0.0;-1.4;-0.2;1490;1499;359.6;413.5;327.4;-12.5
114.0779;34.4;;0.049275;;363;327;;;;;;;;;;;
114.0927;;14.7;;;;;;363;327;550;323;480.0;-20.0;0.7;-0.1;4.9;-0.6;1443;1496;383.5;425.4;326.4;-14.1
114.1266;34.0;;0.047906;;385;327;;;;;;;;;;;
114.1414;;14.7;;;;;;385;327;550;323;440.0;0.0;1.8;-0.1;11.8;-0.8;1390;1495;406.0;420.1;326.3;-10.2
114.1723;30.9;;0.052012;;406;326;;;;;;;;;;;
114.1871;;14.8;;;;;;406;326;550;323;420.0;-20.0;2.5;-0.1;16.4;-0.5;1356;1497;426.6;402.8;325.5;-11.2
114.2247;37.6;;0.048590;;428;325;;;;;;;;;;;
114.2394;;14.7;;;;;;428;325;550;323;440.0;-20.0;3.0;-0.1;19.7;-0.9;1330;1494;447.6;389.0;324.5;-12.8
114.2735;34.1;;0.049275;;448;324;;;;;;;;;;;
114.2883;;14.7;;;;;;448;324;550;323;400.0;-20.0;3.4;-0.2;23.0;-1.3;1306;1490;466.8;366.4;323.4;-13.7
114.3227;34.4;;0.053381;;467;323;;;;;;;;;;;
114.3374;;14.8;;;;;;467;323;550;323;380.0;-20.0;3.7;-0.3;24.9;-1.7;1291;1488;484.7;340.7;322.4;-13.8
114.3717;34.3;;0.049959;;485;323;;;;;;;;;;;
114.3864;;14.7;;;;;;485;323;550;323;360.0;0.0;3.9;-0.3;26.1;-1.7;1281;1487;501.3;314.5;322.4;-8.8
114.4208;34.4;;0.049959;;502;322;;;;;;;;;;;
114.4356;;14.7;;;;;;502;322;550;323;340.0;-20.0;4.1;-0.2;27.1;-1.3;1274;1490;517.0;288.9;321.6;-9.2
114.4699;34.4;;0.049617;;518;321;;;;;;;;;;;
114.4847;;14.7;;;;;;518;321;550;323;320.0;-20.0;4.2;-0.2;27.9;-1.6;1268;1488;531.7;264.1;320.6;-10.4
114.5181;33.5;;0.050986;;532;321;;;;;;;;;;;
114.5329;;14.7;;;;;;532;321;550;323;280.0;0.0;4.2;-0.3;28.3;-1.8;1265;1487;544.5;235.4;320.5;-6.4
114.5680;35.2;;0.053039;;546;320;;;;;;;;;;;
114.5828;;14.7;;;;;;546;320;550;323;280.0;-20.0;4.2;-0.2;28.2;-1.5;1266;1489;557.0;213.0;319.7;-7.4
114.6227;40.0;;0.049617;;558;320;;;;;;;;;;;
114.6375;;14.8;;;;;;558;320;550;323;240.0;0.0;4.3;-0.2;28.4;-1.7;1264;1488;567.9;187.6;319.7;-4.2
114.6718;34.4;;0.049617;;569;319;;;;;;;;;;;
114.6866;;14.8;;;;;;569;319;550;323;220.0;-20.0;4.2;-0.2;28.0;-1.5;1267;1489;577.6;163.3;318.8;-6.0
114.7209;34.2;;0.048933;;578;318;;;;;;;;;;;
114.7356;;14.7;;;;;;578;318;550;323;180.0;-20.0;4.1;-0.3;27.2;-2.0;1273;1485;585.4;136.1;317.8;-8.0
114.7691;33.5;;0.051670;;585;318;;;;;;;;;;;
114.7838;;14.7;;;;;;585;318;550;323;140.0;0.0;3.8;-0.3;25.6;-2.2;1286;1483;591.1;106.6;317.7;-4.4
114.8148;31.0;;0.058856;;590;318;;;;;;;;;;;
114.8295;;14.7;;;;;;590;318;550;323;100.0;0.0;3.5;-0.3;23.2;-1.8;1304;1487;594.7;76.3;317.8;-0.8
114.8639;34.4;;0.056803;;594;317;;;;;;;;;;;
114.8787;;14.7;;;;;;594;317;550;323;80.0;-20.0;3.1;-0.2;20.4;-1.6;1325;1488;597.3;51.0;317.0;-3.2
114.9127;34.0;;0.046195;;596;317;;;;;;;;;;;
114.9275;;14.7;;;;;;596;317;550;323;40.0;0.0;2.7;-0.3;17.7;-1.9;1345;1486;598.1;25.7;316.9;-1.2
114.9653;37.8;;0.053039;;597;317;;;;;;;;;;;
114.9800;;14.7;;;;;;597;317;550;323;20.0;0.0;2.2;-0.2;14.9;-1.6;1367;1488;597.9;4.5;317.0;1.1
115.0147;34.6;;0.050301;;597;317;;;;;;;;;;;
115.0294;;14.7;;;;;;597;317;550;323;0.0;0.0;1.8;-0.2;12.2;-1.4;1387;1490;596.9;-13.0;317.1;2.6
115.0637;34.3;;0.050301;;595;317;;;;;;;;;;;
115.0785;;14.8;;;;;;595;317;550;323;-40.0;0.0;1.4;-0.2;9.6;-1.2;1408;1492;594.1;-32.7;317.2;3.4
115.1091;30.7;;0.057145;;593;318;;;;;;;;;;;
115.1239;;14.7;;;;;;593;318;550;323;-40.0;20.0;1.0;-0.1;6.6;-0.8;1430;1494;591.2;-45.2;318.2;8.5
115.1607;36.9;;0.054065;;590;318;;;;;;;;;;;
115.1755;;14.7;;;;;;590;318;550;323;-60.0;0.0;0.6;-0.0;4.3;-0.2;1448;1499;587.6;-55.8;318.4;7.7
115.2069;31.5;;0.043115;;587;318;;;;;;;;;;;
115.2217;;14.7;;;;;;587;318;550;323;-60.0;0.0;0.3;-0.0;2.3;-0.3;1463;1498;584.2;-61.3;318.4;5.9
115.2580;36.4;;0.048933;;583;318;;;;;;;;;;;
115.2728;;14.7;;;;;;583;318;550;323;-80.0;0.0;0.1;-0.1;0.6;-0.5;1476;1497;579.9;-67.7;318.3;4.5
115.3084;35.7;;0.046195;;578;319;;;;;;;;;;;
115.3232;;14.7;;;;;;578;319;550;323;-100.0;20.0;-0.2;-0.1;-1.4;-0.4;1491;1497;574.7;-75.7;319.2;8.4
115.3576;34.4;;0.049959;;573;319;;;;;;;;;;;
115.3724;;14.7;;;;;;573;319;550;323;-100.0;0.0;-0.6;0.0;-3.7;0.0;1508;1500;569.3;-80.1;319.4;7.2
115.4062;33.9;;0.049275;;568;319;;;;;;;;;;;
115.4210;;14.7;;;;;;568;319;550;323;-100.0;0.0;-0.8;-0.0;-5.5;-0.1;1521;1500;564.1;-80.8;319.4;5.2
115.4555;34.5;;0.049275;;562;320;;;;;;;;;;;
115.4703;;14.8;;;;;;562;320;550;323;-120.0;20.0;-1.1;-0.0;-7.0;-0.1;1533;1500;558.1;-84.0;320.3;8.5
115.5043;34.0;;0.049617;;557;320;;;;;;;;;;;
115.5191;;14.8;;;;;;557;320;550;323;-100.0;0.0;-1.3;0.0;-8.7;0.3;1546;1502;553.0;-80.5;320.4;6.8
115.5536;34.6;;0.067068;;551;321;;;;;;;;;;;
115.5684;;14.7;;;;;;551;321;550;323;-120.0;20.0;-1.5;0.1;-9.7;0.4;1554;1502;547.2;-80.2;321.3;9.4
115.6028;34.4;;0.057487;;546;322;;;;;;;;;;;
115.6175;;14.7;;;;;;546;322;550;323;-100.0;20.0;-1.6;0.1;-11.0;0.9;1563;1506;542.3;-74.7;322.4;11.7
115.6515;34.0;;0.066726;;541;322;;;;;;;;;;;
115.6662;;14.7;;;;;;541;322;550;323;-100.0;0.0;-1.7;0.2;-11.5;1.2;1567;1509;537.6;-68.9;322.6;8.2
115.7005;34.2;;0.050986;;536;323;;;;;;;;;;;
115.7152;;14.7;;;;;;536;323;550;323;-100.0;20.0;-1.8;0.2;-12.0;1.0;1571;1507;532.9;-63.9;323.4;9.4
115.7496;34.4;;0.052697;;532;323;;;;;;;;;;;
115.7643;;14.7;;;;;;532;323;550;323;-80.0;0.0;-1.9;0.2;-12.4;1.2;1574;1508;529.1;-55.1;323.4;6.2
115.7982;33.8;;0.047222;;528;323;;;;;;;;;;;
115.8129;;14.7;;;;;;528;323;550;323;-80.0;0.0;-1.8;0.1;-12.3;0.8;1573;1505;525.6;-47.6;323.3;3.2
115.8475;34.6;;0.050301;;525;324;;;;;;;;;;;
115.8623;;14.7;;;;;;525;324;550;323;-60.0;20.0;-1.8;0.1;-12.1;0.6;1572;1504;522.9;-37.6;324.1;6.1
115.8965;34.2;;0.053381;;523;324;;;;;;;;;;;
115.9112;;14.7;;;;;;523;324;550;323;-40.0;0.0;-1.7;0.2;-11.4;1.0;1566;1507;521.4;-25.2;324.3;4.3
115.9456;34.4;;0.048248;;521;325;;;;;;;;;;;
115.9603;;14.7;;;;;;521;325;550;323;-40.0;20.0;-1.5;0.2;-10.3;1.0;1558;1507;520.0;-16.3;325.2;6.8
115.9944;34.1;;0.049959;;520;325;;;;;;;;;;;
116.0091;;14.7;;;;;;520;325;550;323;-20.0;0.0;-1.4;0.2;-9.5;1.3;1552;1510;519.4;-6.3;325.3;4.4
116.0434;34.3;;0.049959;;519;325;;;;;;;;;;;
116.0582;;14.7;;;;;;519;325;550;323;-20.0;0.0;-1.3;0.2;-8.5;1.0;1544;1507;518.9;0.6;325.2;1.8
116.0923;34.1;;0.049275;;517;325;;;;;;;;;;;
116.1071;;14.7;;;;;;517;325;550;323;-40.0;0.0;-1.2;0.1;-8.1;0.7;1541;1505;517.2;-0.3;325.1;0.1
116.1415;34.5;;0.049617;;516;324;;;;;;;;;;;
116.1563;;14.7;;;;;;516;324;550;323;-20.0;-20.0;-1.3;0.0;-8.5;0.3;1544;1501;516.2;2.5;324.0;-5.6
116.1905;34.2;;0.057145;;515;324;;;;;;;;;;;
116.2052;;14.7;;;;;;515;324;550;323;-20.0;0.0;-1.3;-0.1;-8.4;-0.4;1543;1497;515.3;5.4;323.7;-5.1
116.2393;34.1;;0.050986;;514;324;;;;;;;;;;;
116.2540;;14.8;;;;;;514;324;550;323;-20.0;0.0;-1.2;-0.1;-8.3;-0.4;1542;1498;514.5;7.5;323.8;-3.3
116.2884;34.4;;0.049959;;514;323;;;;;;;;;;;
116.3032;;14.8;;;;;;514;323;550;323;0.0;-20.0;-1.2;-0.1;-8.0;-0.4;1540;1497;514.6;13.6;322.8;-6.7
116.3377;34.5;;0.050301;;515;322;;;;;;;;;;;
116.3524;;14.8;;;;;;515;322;550;323;20.0;-20.0;-1.1;-0.2;-7.0;-1.1;1533;1492;515.9;23.1;321.7;-9.7
116.3861;33.7;;0.048933;;515;322;;;;;;;;;;;
116.4009;;14.7;;;;;;515;322;550;323;0.0;0.0;-0.9;-0.2;-5.8;-1.5;1524;1489;516.3;25.0;321.6;-6.7
116.4355;34.6;;0.059882;;516;321;;;;;;;;;;;
116.4502;;14.7;;;;;;516;321;550;323;20.0;-20.0;-0.8;-0.2;-5.3;-1.3;1520;1490;517.4;29.1;320.7;-8.0
116.4842;34.0;;0.050301;;516;320;;;;;;;;;;;
116.4990;;14.7;;;;;;516;320;550;323;0.0;-20.0;-0.7;-0.3;-4.8;-1.7;1516;1487;517.6;27.3;319.6;-9.7
116.5336;34.6;;0.050301;;517;319;;;;;;;;;;;
116.5483;;14.8;;;;;;517;319;550;323;20.0;-20.0;-0.7;-0.3;-4.8;-2.2;1516;1484;518.5;29.5;318.6;-10.6
116.5823;34.0;;0.050301;;517;317;;;;;;;;;;;
116.5971;;14.7;;;;;;517;317;550;323;0.0;-40.0;-0.7;-0.4;-4.5;-2.8;1514;1479;518.6;26.9;316.5;-15.4
116.6316;34.5;;0.053723;;517;316;;;;;;;;;;;
116.6464;;14.8;;;;;;517;316;550;323;0.0;-20.0;-0.7;-0.5;-4.9;-3.7;1516;1473;518.5;24.1;315.3;-14.3
116.6805;34.1;;0.050301;;517;315;;;;;;;;;;;
116.6952;;14.7;;;;;;517;315;550;323;0.0;-20.0;-0.8;-0.6;-5.2;-3.8;1519;1472;518.3;22.3;314.4;-11.9
116.7297;34.4;;0.050643;;517;314;;;;;;;;;;;
116.7444;;14.7;;;;;;517;314;550;323;0.0;-20.0;-0.8;-0.6;-5.4;-3.7;1521;1472;518.3;21.3;313.5;-9.9
116.7748;30.4;;0.054065;;517;314;;;;;;;;;;;
116.7895;;14.7;;;;;;517;314;550;323;0.0;0.0;-0.8;-0.5;-5.5;-3.5;1522;1474;518.2;21.0;313.6;-3.7
116.8275;38.0;;0.049275;;517;313;;;;;;;;;;;
116.8423;;14.8;;;;;;517;313;550;323;0.0;-20.0;-0.8;-0.4;-5.6;-2.9;1522;1478;518.2;20.9;312.9;-3.6
116.8766;34.3;;0.048933;;516;312;;;;;;;;;;;
116.8913;;14.7;;;;;;516;312;550;323;-20.0;-20.0;-0.9;-0.5;-5.9;-3.2;1524;1476;517.2;16.1;311.9;-4.6
116.9255;34.2;;0.050301;;517;312;;;;;;;;;;;
116.9402;;14.7;;;;;;517;312;550;323;20.0;0.0;-0.9;-0.5;-6.2;-3.3;1527;1475;518.0;21.7;311.9;-0.6
116.9742;34.0;;0.048248;;517;312;;;;;;;;;;;
116.9889;;14.7;;;;;;517;312;550;323;0.0;0.0;-0.8;-0.4;-5.5;-2.8;1521;1479;518.2;22.7;312.0;3.1
117.0230;34.1;;0.049275;;517;312;;;;;;;;;;;
117.0378;;14.7;;;;;;517;312;550;323;0.0;0.0;-0.8;-0.4;-5.4;-2.3;1520;1483;518.3;22.3;312.2;5.4
117.0722;34.4;;0.050643;;517;312;;;;;;;;;;;
117.0870;;14.8;;;;;;517;312;550;323;0.0;0.0;-0.8;-0.3;-5.4;-2.1;1521;1485;518.3;21.7;312.3;6.5
117.1213;34.3;;0.048590;;517;312;;;;;;;;;;;
117.1360;;14.8;;;;;;517;312;550;323;0.0;0.0;-0.8;-0.3;-5.5;-1.9;1521;1486;518.2;21.3;312.4;6.9
117.1703;34.2;;0.052697;;517;313;;;;;;;;;;;
117.1850;;14.8;;;;;;517;313;550;323;0.0;20.0;-0.8;-0.2;-5.6;-1.6;1522;1488;518.2;21.0;313.4;11.8
117.2191;34.0;;0.054750;;517;313;;;;;;;;;;;
117.2338;;14.7;;;;;;517;313;550;323;0.0;0.0;-0.8;-0.2;-5.6;-1.0;1522;1493;518.2;20.9;313.6;10.9
117.2681;34.3;;0.050643;;517;313;;;;;;;;;;;
117.2828;;14.7;;;;;;517;313;550;323;0.0;0.0;-0.8;-0.2;-5.6;-1.1;1522;1492;518.2;20.9;313.6;9.0
117.3172;34.4;;0.049617;;517;312;;;;;;;;;;;
117.3320;;14.7;;;;;;517;312;550;323;0.0;-20.0;-0.8;-0.2;-5.6;-1.6;1522;1488;518.2;20.9;312.5;2.9
117.3660;34.0;;0.051670;;517;312;;;;;;;;;;;
117.3807;;14.7;;;;;;517;312;550;323;0.0;0.0;-0.8;-0.4;-5.6;-2.4;1522;1482;518.2;20.9;312.2;2.9
117.4149;34.1;;0.050986;;517;312;;;;;;;;;;;
117.4296;;14.7;;;;;;517;312;550;323;0.0;0.0;-0.8;-0.4;-5.6;-2.4;1522;1482;518.2;20.9;312.2;4.4
117.4641;34.5;;0.052697;;517;312;;;;;;;;;;;
117.4789;;14.7;;;;;;517;312;550;323;0.0;0.0;-0.8;-0.3;-5.6;-2.2;1522;1484;518.2;20.9;312.3;5.7
117.5132;34.3;;0.047906;;517;312;;;;;;;;;;;
117.5279;;14.7;;;;;;517;312;550;323;0.0;0.0;-0.8;-0.3;-5.6;-2.0;1522;1485;518.2;20.9;312.3;6.5
117.5586;30.7;;0.047564;;517;312;;;;;;;;;;;
117.5733;;14.7;;;;;;517;312;550;323;0.0;0.0;-0.8;-0.3;-5.6;-1.9;1522;1486;518.2;20.9;312.4;6.8
117.6113;37.9;;0.050301;;517;312;;;;;;;;;;;
117.6260;;14.7;;;;;;517;312;550;323;0.0;0.0;-0.8;-0.3;-5.6;-1.9;1522;1486;518.2;20.9;312.4;7.0
117.6567;30.7;;0.044142;;517;312;;;;;;;;;;;
117.6714;;14.7;;;;;;517;312;550;323;0.0;0.0;-0.8;-0.3;-5.6;-1.9;1522;1486;518.2;20.9;312.4;7.0
117.7057;34.3;;0.045168;;517;312;;;;;;;;;;;
117.7204;;14.8;;;;;;517;312;550;323;0.0;0.0;-0.8;-0.3;-5.6;-1.9;1522;1486;518.2;20.9;312.4;7.0
117.7581;37.6;;0.049617;;517;312;;;;;;;;;;;
117.7728;;14.7;;;;;;517;312;550;323;0.0;0.0;-0.8;-0.3;-5.6;-1.9;1522;1486;518.2;20.9;312.4;7.0
117.8073;34.5;;0.059198;;517;312;;;;;;;;;;;
117.8221;;14.7;;;;;;517;312;550;323;0.0;0.0;-0.8;-0.3;-5.6;-1.9;1522;1486;518.2;20.9;312.4;7.0
117.8560;33.9;;0.049617;;517;312;;;;;;;;;;;
117.8707;;14.7;;;;;;517;312;550;323;0.0;0.0;-0.8;-0.3;-5.6;-1.9;1522;1486;518.2;20.9;312.4;7.0
117.9053;34.6;;0.047222;;517;312;;;;;;;;;;;
117.9200;;14.8;;;;;;517;312;550;323;0.0;0.0;-0.8;-0.3;-5.6;-1.9;1522;1486;518.2;20.9;312.4;7.0
117.9541;34.0;;0.046879;;517;312;;;;;;;;;;;
117.9688;;14.7;;;;;;517;312;550;323;0.0;0.0;-0.8;-0.3;-5.6;-1.9;1522;1486;518.2;20.9;312.4;7.0
118.0032;34.4;;0.048590;;517;312;;;;;;;;;;;
118.0179;;14.7;;;;;;517;312;550;323;0.0;0.0;-0.8;-0.3;-5.6;-1.9;1522;1486;518.2;20.9;312.4;7.0
118.0520;34.1;;0.053381;;517;312;;;;;;;;;;;
118.0668;;14.7;;;;;;517;312;550;323;0.0;0.0;-0.8;-0.3;-5.6;-1.9;1522;1486;518.2;20.9;312.4;7.0
118.1011;34.4;;0.049959;;517;312;;;;;;;;;;;
118.1159;;14.7;;;;;;517;312;550;323;0.0;0.0;-0.8;-0.3;-5.6;-1.9;1522;1486;518.2;20.9;312.4;7.0
118.1501;34.2;;0.052012;;517;312;;;;;;;;;;;
118.1648;;14.7;;;;;;517;312;550;323;0.0;0.0;-0.8;-0.3;-5.6;-1.9;1522;1486;518.2;20.9;312.4;7.0
118.1991;34.3;;0.051328;;517;312;;;;;;;;;;;
118.2138;;14.7;;;;;;517;312;550;323;0.0;0.0;-0.8;-0.3;-5.6;-1.9;1522;1486;518.2;20.9;312.4;7.0
118.2479;34.1;;0.048590;;517;312;;;;;;;;;;;
118.2626;;14.7;;;;;;517;312;550;323;0.0;0.0;-0.8;-0.3;-5.6;-1.9;1522;1486;518.2;20.9;312.4;7.0
118.2970;34.4;;0.046195;;517;312;;;;;;;;;;;
118.3118;;14.7;;;;;;517;312;550;323;0.0;0.0;-0.8;-0.3;-5.6;-1.9;1522;1486;518.2;20.9;312.4;7.0
118.3458;34.1;;0.049275;;517;312;;;;;;;;;;;
118.3606;;14.7;;;;;;517;312;550;323;0.0;0.0;-0.8;-0.3;-5.6;-1.9;1522;1486;518.2;20.9;312.4;7.0
118.3950;34.4;;0.047222;;517;312;;;;;;;;;;;
118.4097;;14.7;;;;;;517;312;550;323;0.0;0.0;-0.8;-0.3;-5.6;-1.9;1522;1486;518.2;20.9;312.4;7.0
118.4439;34.1;;0.051670;;517;312;;;;;;;;;;;
118.4586;;14.7;;;;;;517;312;550;323;0.0;0.0;-0.8;-0.3;-5.6;-1.9;1522;1486;518.2;20.9;312.4;7.0
118.4930;34.4;;0.049275;;517;312;;;;;;;;;;;
118.5077;;14.7;;;;;;517;312;550;323;0.0;0.0;-0.8;-0.3;-5.6;-1.9;1522;1486;518.2;20.9;312.4;7.0
118.5419;34.2;;0.051670;;517;312;;;;;;;;;;;
118.5566;;14.7;;;;;;517;312;550;323;0.0;0.0;-0.8;-0.3;-5.6;-1.9;1522;1486;518.2;20.9;312.4;7.0
118.5910;34.4;;0.046537;;517;312;;;;;;;;;;;
118.6058;;14.7;;;;;;517;312;550;323;0.0;0.0;-0.8;-0.3;-5.6;-1.9;1522;1486;518.2;20.9;312.4;7.0
118.6401;34.3;;0.051670;;517;312;;;;;;;;;;;
118.6548;;14.7;;;;;;517;312;550;323;0.0;0.0;-0.8;-0.3;-5.6;-1.9;1522;1486;518.2;20.9;312.4;7.0
118.6890;34.2;;0.049275;;517;312;;;;;;;;;;;
118.7038;;14.8;;;;;;517;312;550;323;0.0;0.0;-0.8;-0.3;-5.6;-1.9;1522;1486;518.2;20.9;312.4;7.0
118.7379;34.1;;0.055434;;517;312;;;;;;;;;;;
118.7526;;14.8;;;;;;517;312;550;323;0.0;0.0;-0.8;-0.3;-5.6;-1.9;1522;1486;518.2;20.9;312.4;7.0
118.7869;34.3;;0.047222;;517;312;;;;;;;;;;;
118.8016;;14.7;;;;;;517;312;550;323;0.0;0.0;-0.8;-0.3;-5.6;-1.9;1522;1486;518.2;20.9;312.4;7.0
118.8358;34.2;;0.051328;;517;312;;;;;;;;;;;
118.8506;;14.7;;;;;;517;312;550;323;0.0;0.0;-0.8;-0.3;-5.6;-1.9;1522;1486;518.2;20.9;312.4;7.0
118.8815;30.9;;0.048248;;517;312;;;;;;;;;;;
118.8962;;14.7;;;;;;517;312;550;323;0.0;0.0;-0.8;-0.3;-5.6;-1.9;1522;1486;518.2;20.9;312.4;7.0
118.9342;37.9;;0.050301;;517;312;;;;;;;;;;;
118.9489;;14.7;;;;;;517;312;550;323;0.0;0.0;-0.8;-0.3;-5.6;-1.9;1522;1486;518.2;20.9;312.4;7.0
118.9794;30.5;;0.056118;;517;312;;;;;;;;;;;
118.9942;;14.7;;;;;;517;312;550;323;0.0;0.0;-0.8;-0.3;-5.6;-1.9;1522;1486;518.2;20.9;312.4;7.0
119.0285;34.3;;0.060225;;517;312;;;;;;;;;;;
119.0432;;14.7;;;;;;517;312;550;323;0.0;0.0;-0.8;-0.3;-5.6;-1.9;1522;1486;518.2;20.9;312.4;7.0
119.0813;38.0;;0.065357;;517;312;;;;;;;;;;;
119.0960;;14.7;;;;;;517;312;550;323;0.0;0.0;-0.8;-0.3;-5.6;-1.9;1522;1486;518.2;20.9;312.4;7.0
119.1295;33.5;;0.052012;;517;312;;;;;;;;;;;
119.1442;;14.7;;;;;;517;312;550;323;0.0;0.0;-0.8;-0.3;-5.6;-1.9;1522;1486;518.2;20.9;312.4;7.0
119.1789;34.7;;0.048248;;517;312;;;;;;;;;;;
119.1937;;14.7;;;;;;517;312;550;323;0.0;0.0;-0.8;-0.3;-5.6;-1.9;1522;1486;518.2;20.9;312.4;7.0
119.2279;34.2;;0.049617;;517;312;;;;;;;;;;;
119.2426;;14.7;;;;;;517;312;550;323;0.0;0.0;-0.8;-0.3;-5.6;-1.9;1522;1486;518.2;20.9;312.4;7.0
119.2770;34.4;;0.048248;;517;312;;;;;;;;;;;
119.2918;;14.7;;;;;;517;312;550;323;0.0;0.0;-0.8;-0.3;-5.6;-1.9;1522;1486;518.2;20.9;312.4;7.0
119.3259;34.1;;0.050643;;517;312;;;;;;;;;;;
119.3406;;14.7;;;;;;517;312;550;323;0.0;0.0;-0.8;-0.3;-5.6;-1.9;1522;1486;518.2;20.9;312.4;7.0
119.3753;34.6;;0.049275;;517;312;;;;;;;;;;;
119.3900;;14.7;;;;;;517;312;550;323;0.0;0.0;-0.8;-0.3;-5.6;-1.9;1522;1486;518.2;20.9;312.4;7.0
119.4239;33.9;;0.050986;;517;312;;;;;;;;;;;
119.4386;;14.7;;;;;;517;312;550;323;0.0;0.0;-0.8;-0.3;-5.6;-1.9;1522;1486;518.2;20.9;312.4;7.0
119.4732;34.5;;0.048933;;517;312;;;;;;;;;;;
119.4879;;14.7;;;;;;517;312;550;323;0.0;0.0;-0.8;-0.3;-5.6;-1.9;1522;1486;518.2;20.9;312.4;7.0
119.5220;34.1;;0.046879;;517;312;;;;;;;;;;;
119.5368;;14.8;;;;;;517;312;550;323;0.0;0.0;-0.8;-0.3;-5.6;-1.9;1522;1486;518.2;20.9;312.4;7.0
119.5710;34.2;;0.049959;;517;312;;;;;;;;;;;
119.5858;;14.8;;;;;;517;312;550;323;0.0;0.0;-0.8;-0.3;-5.6;-1.9;1522;1486;518.2;20.9;312.4;7.0
119.6199;34.1;;0.049959;;517;312;;;;;;;;;;;
119.6347;;14.9;;;;;;517;312;550;323;0.0;0.0;-0.8;-0.3;-5.6;-1.9;1522;1486;518.2;20.9;312.4;7.0
119.6690;34.2;;0.098549;;517;312;;;;;;;;;;;
119.6837;;14.7;;;;;;517;312;550;323;0.0;0.0;-0.8;-0.3;-5.6;-1.9;1522;1486;518.2;20.9;312.4;7.0
119.7178;34.2;;0.048933;;517;312;;;;;;;;;;;
119.7326;;14.7;;;;;;517;312;550;323;0.0;0.0;-0.8;-0.3;-5.6;-1.9;1522;1486;518.2;20.9;312.4;7.0
119.7667;34.2;;0.048590;;517;312;;;;;;;;;;;
119.7815;;14.7;;;;;;517;312;550;323;0.0;0.0;-0.8;-0.3;-5.6;-1.9;1522;1486;518.2;20.9;312.4;7.0
119.8122;30.8;;0.046879;;517;312;;;;;;;;;;;
119.8270;;14.7;;;;;;517;312;550;323;0.0;0.0;-0.8;-0.3;-5.6;-1.9;1522;1486;518.2;20.9;312.4;7.0
119.8613;34.3;;0.043800;;517;312;;;;;;;;;;;
119.8761;;14.7;;;;;;517;312;550;323;0.0;0.0;-0.8;-0.3;-5.6;-1.9;1522;1486;518.2;20.9;312.4;7.0
119.9142;38.1;;0.048248;;517;312;;;;;;;;;;;
119.9289;;14.7;;;;;;517;312;550;323;0.0;0.0;-0.8;-0.3;-5.6;-1.9;1522;1486;518.2;20.9;312.4;7.0
119.9592;30.3;;0.046195;;517;312;;;;;;;;;;;
119.9739;;14.7;;;;;;517;312;550;323;0.0;0.0;-0.8;-0.3;-5.6;-1.9;1522;1486;518.2;20.9;312.4;7.0
120.0121;38.2;;0.048248;;517;312;;;;;;;;;;;
120.0269;;14.7;;;;;;517;312;550;323;0.0;0.0;-0.8;-0.3;-5.6;-1.9;1522;1486;518.2;20.9;312.4;7.0
120.0574;30.6;;0.057145;;517;312;;;;;;;;;;;
120.0722;;14.7;;;;;;517;312;550;323;0.0;0.0;-0.8;-0.3;-5.6;-1.9;1522;1486;518.2;20.9;312.4;7.0
120.1063;34.1;;0.044484;;517;312;;;;;;;;;;;
120.1210;;14.8;;;;;;517;312;550;323;0.0;0.0;-0.8;-0.3;-5.6;-1.9;1522;1486;518.2;20.9;312.4;7.0
120.1582;37.2;;0.049959;;517;312;;;;;;;;;;;
120.1730;;14.7;;;;;;517;312;550;323;0.0;0.0;-0.8;-0.3;-5.6;-1.9;1522;1486;518.2;20.9;312.4;7.0
120.2080;35.1;;0.050301;;517;312;;;;;;;;;;;
120.2228;;14.7;;;;;;517;312;550;323;0.0;0.0;-0.8;-0.3;-5.6;-1.9;1522;1486;518.2;20.9;312.4;7.0
120.2571;34.3;;0.047222;;517;312;;;;;;;;;;;
120.2719;;14.7;;;;;;517;312;550;323;0.0;0.0;-0.8;-0.3;-5.6;-1.9;1522;1486;518.2;20.9;312.4;7.0
120.3057;33.9;;0.050986;;517;312;;;;;;;;;;;
120.3205;;14.8;;;;;;517;312;550;323;0.0;0.0;-0.8;-0.3;-5.6;-1.9;1522;1486;518.2;20.9;312.4;7.0
120.3549;34.4;;0.047906;;517;312;;;;;;;;;;;
120.3696;;14.8;;;;;;517;312;550;323;0.0;0.0;-0.8;-0.3;-5.6;-1.9;1522;1486;518.2;20.9;312.4;7.0
120.4039;34.3;;0.045853;;517;312;;;;;;;;;;;
120.4186;;14.7;;;;;;517;312;550;323;0.0;0.0;-0.8;-0.3;-5.6;-1.9;1522;1486;518.2;20.9;312.4;7.0
120.4532;34.6;;0.049959;;517;312;;;;;;;;;;;
120.4679;;14.7;;;;;;517;312;550;323;0.0;0.0;-0.8;-0.3;-5.6;-1.9;1522;1486;518.2;20.9;312.4;7.0
120.5018;33.9;;0.048248;;517;312;;;;;;;;;;;
120.5166;;14.7;;;;;;517;312;550;323;0.0;0.0;-0.8;-0.3;-5.6;-1.9;1522;1486;518.2;20.9;312.4;7.0
120.5509;34.3;;0.049275;;517;312;;;;;;;;;;;
120.5656;;14.7;;;;;;517;312;550;323;0.0;0.0;-0.8;-0.3;-5.6;-1.9;1522;1486;518.2;20.9;312.4;7.0
120.5963;30.6;;0.046879;;517;312;;;;;;;;;;;
120.6110;;14.7;;;;;;517;312;550;323;0.0;0.0;-0.8;-0.3;-5.6;-1.9;1522;1486;518.2;20.9;312.4;7.0
120.6491;38.1;;0.045511;;517;312;;;;;;;;;;;
120.6639;;14.7;;;;;;517;312;550;323;0.0;0.0;-0.8;-0.3;-5.6;-1.9;1522;1486;518.2;20.9;312.4;7.0
120.6942;30.3;;0.053381;;517;312;;;;;;;;;;;
120.7090;;14.7;;;;;;517;312;550;323;0.0;0.0;-0.8;-0.3;-5.6;-1.9;1522;1486;518.2;20.9;312.4;7.0
120.7432;34.2;;0.060909;;517;312;;;;;;;;;;;
120.7579;;14.7;;;;;;517;312;550;323;0.0;0.0;-0.8;-0.3;-5.6;-1.9;1522;1486;518.2;20.9;312.4;7.0
120.7921;34.2;;0.042431;;517;312;;;;;;;;;;;
120.8068;;14.7;;;;;;517;312;550;323;0.0;0.0;-0.8;-0.3;-5.6;-1.9;1522;1486;518.2;20.9;312.4;7.0
120.8440;37.2;;0.047564;;517;312;;;;;;;;;;;
120.8587;;14.7;;;;;;517;312;550;323;0.0;0.0;-0.8;-0.3;-5.6;-1.9;1522;1486;518.2;20.9;312.4;7.0
120.8940;35.3;;0.050301;;517;312;;;;;;;;;;;
120.9088;;14.7;;;;;;517;312;550;323;0.0;0.0;-0.8;-0.3;-5.6;-1.9;1522;1486;518.2;20.9;312.4;7.0
120.9432;34.4;;0.050986;;517;312;;;;;;;;;;;
120.9579;;14.7;;;;;;517;312;550;323;0.0;0.0;-0.8;-0.3;-5.6;-1.9;1522;1486;518.2;20.9;312.4;7.0
120.9884;30.4;;0.057145;;517;312;;;;;;;;;;;
121.0031;;14.8;;;;;;517;312;550;323;0.0;0.0;-0.8;-0.3;-5.6;-1.9;1522;1486;518.2;20.9;312.4;7.0
121.0406;37.4;;0.057829;;517;312;;;;;;;;;;;
121.0553;;14.7;;;;;;517;312;550;323;0.0;0.0;-0.8;-0.3;-5.6;-1.9;1522;1486;518.2;20.9;312.4;7.0
121.0863;31.0;;0.056461;;517;312;;;;;;;;;;;
121.1011;;14.8;;;;;;517;312;550;323;0.0;0.0;-0.8;-0.3;-5.6;-1.9;1522;1486;518.2;20.9;312.4;7.0
121.1352;34.1;;0.057145;;517;312;;;;;;;;;;;
121.1499;;14.7;;;;;;517;312;550;323;0.0;0.0;-0.8;-0.3;-5.6;-1.9;1522;1486;518.2;20.9;312.4;7.0
121.1839;34.0;;0.042431;;517;312;;;;;;;;;;;
121.1987;;14.7;;;;;;517;312;550;323;0.0;0.0;-0.8;-0.3;-5.6;-1.9;1522;1486;518.2;20.9;312.4;7.0
121.2368;38.1;;0.050643;;517;312;;;;;;;;;;;
121.2515;;14.7;;;;;;517;312;550;323;0.0;0.0;-0.8;-0.3;-5.6;-1.9;1522;1486;518.2;20.9;312.4;7.0
121.2859;34.3;;0.048248;;517;312;;;;;;;;;;;
121.3006;;14.7;;;;;;517;312;550;323;0.0;0.0;-0.8;-0.3;-5.6;-1.9;1522;1486;518.2;20.9;312.4;7.0
121.3347;34.1;;0.050301;;517;312;;;;;;;;;;;
121.3495;;14.7;;;;;;517;312;550;323;0.0;0.0;-0.8;-0.3;-5.6;-1.9;1522;1486;518.2;20.9;312.4;7.0
121.3837;34.2;;0.068437;;517;312;;;;;;;;;;;
121.3984;;14.7;;;;;;517;312;550;323;0.0;0.0;-0.8;-0.3;-5.6;-1.9;1522;1486;518.2;20.9;312.4;7.0
121.4327;34.4;;0.047222;;517;312;;;;;;;;;;;
121.4475;;14.7;;;;;;517;312;550;323;0.0;0.0;-0.8;-0.3;-5.6;-1.9;1522;1486;518.2;20.9;312.4;7.0
121.4817;34.3;;0.047906;;517;312;;;;;;;;;;;
121.4965;;14.7;;;;;;517;312;550;323;0.0;0.0;-0.8;-0.3;-5.6;-1.9;1522;1486;518.2;20.9;312.4;7.0
121.5305;34.1;;0.048933;;517;312;;;;;;;;;;;
121.5453;;14.7;;;;;;517;312;550;323;0.0;0.0;-0.8;-0.3;-5.6;-1.9;1522;1486;518.2;20.9;312.4;7.0
121.5797;34.5;;0.049275;;517;312;;;;;;;;;;;
121.5945;;14.7;;;;;;517;312;550;323;0.0;0.0;-0.8;-0.3;-5.6;-1.9;1522;1486;518.2;20.9;312.4;7.0
121.6288;34.3;;0.048933;;517;312;;;;;;;;;;;
121.6435;;14.7;;;;;;517;312;550;323;0.0;0.0;-0.8;-0.3;-5.6;-1.9;1522;1486;518.2;20.9;312.4;7.0
121.6742;30.7;;0.052354;;517;312;;;;;;;;;;;
121.6889;;14.7;;;;;;517;312;550;323;0.0;0.0;-0.8;-0.3;-5.6;-1.9;1522;1486;518.2;20.9;312.4;7.0
121.7269;37.9;;0.051670;;517;312;;;;;;;;;;;
121.7416;;14.7;;;;;;517;312;550;323;0.0;0.0;-0.8;-0.3;-5.6;-1.9;1522;1486;518.2;20.9;312.4;7.0
121.7722;30.6;;0.055434;;517;312;;;;;;;;;;;
121.7870;;14.8;;;;;;517;312;550;323;0.0;0.0;-0.8;-0.3;-5.6;-1.9;1522;1486;518.2;20.9;312.4;7.0
121.8213;34.3;;0.047222;;517;312;;;;;;;;;;;
121.8360;;14.8;;;;;;517;312;550;323;0.0;0.0;-0.8;-0.3;-5.6;-1.9;1522;1486;518.2;20.9;312.4;7.0
121.8701;34.0;;0.044826;;517;312;;;;;;;;;;;
121.8848;;14.7;;;;;;517;312;550;323;0.0;0.0;-0.8;-0.3;-5.6;-1.9;1522;1486;518.2;20.9;312.4;7.0
121.9224;37.6;;0.049959;;517;312;;;;;;;;;;;
121.9371;;14.8;;;;;;517;312;550;323;0.0;0.0;-0.8;-0.3;-5.6;-1.9;1522;1486;518.2;20.9;312.4;7.0
121.9721;35.0;;0.050986;;517;312;;;;;;;;;;;
121.9869;;14.8;;;;;;517;312;550;323;0.0;0.0;-0.8;-0.3;-5.6;-1.9;1522;1486;518.2;20.9;312.4;7.0
122.0208;34.0;;0.053381;;517;312;;;;;;;;;;;
122.0356;;14.8;;;;;;517;312;550;323;0.0;0.0;-0.8;-0.3;-5.6;-1.9;1522;1486;518.2;20.9;312.4;7.0
122.0698;34.2;;0.051328;;517;312;;;;;;;;;;;
122.0846;;14.7;;;;;;517;312;550;323;0.0;0.0;-0.8;-0.3;-5.6;-1.9;1522;1486;518.2;20.9;312.4;7.0
122.1186;34.0;;0.050301;;517;312;;;;;;;;;;;
122.1333;;14.7;;;;;;517;312;550;323;0.0;0.0;-0.8;-0.3;-5.6;-1.9;1522;1486;518.2;20.9;312.4;7.0
122.1676;34.3;;0.055092;;517;312;;;;;;;;;;;
122.1824;;14.7;;;;;;517;312;550;323;0.0;0.0;-0.8;-0.3;-5.6;-1.9;1522;1486;518.2;20.9;312.4;7.0
122.2132;30.9;;0.057829;;517;312;;;;;;;;;;;
122.2280;;14.7;;;;;;517;312;550;323;0.0;0.0;-0.8;-0.3;-5.6;-1.9;1522;1486;518.2;20.9;312.4;7.0
122.2622;34.2;;0.047222;;517;312;;;;;;;;;;;
122.2769;;14.7;;;;;;517;312;550;323;0.0;0.0;-0.8;-0.3;-5.6;-1.9;1522;1486;518.2;20.9;312.4;7.0
122.3149;38.0;;0.049275;;517;312;;;;;;;;;;;
122.3296;;14.7;;;;;;517;312;550;323;0.0;0.0;-0.8;-0.3;-5.6;-1.9;1522;1486;518.2;20.9;312.4;7.0
122.3640;34.4;;0.049959;;517;312;;;;;;;;;;;
122.3787;;14.7;;;;;;517;312;550;323;0.0;0.0;-0.8;-0.3;-5.6;-1.9;1522;1486;518.2;20.9;312.4;7.0
122.4127;34.0;;0.047906;;517;312;;;;;;;;;;;
122.4275;;14.8;;;;;;517;312;550;323;0.0;0.0;-0.8;-0.3;-5.6;-1.9;1522;1486;518.2;20.9;312.4;7.0
122.4617;34.2;;0.047564;;517;312;;;;;;;;;;;
122.4764;;14.7;;;;;;517;312;550;323;0.0;0.0;-0.8;-0.3;-5.6;-1.9;1522;1486;518.2;20.9;312.4;7.0
122.5108;34.3;;0.049617;;517;312;;;;;;;;;;;
122.5255;;14.7;;;;;;517;312;550;323;0.0;0.0;-0.8;-0.3;-5.6;-1.9;1522;1486;518.2;20.9;312.4;7.0
122.5596;34.1;;0.048933;;517;312;;;;;;;;;;;
122.5744;;14.7;;;;;;517;312;550;323;0.0;0.0;-0.8;-0.3;-5.6;-1.9;1522;1486;518.2;20.9;312.4;7.0
122.6080;33.6;;0.050643;;517;312;;;;;;;;;;;
122.6227;;14.7;;;;;;517;312;550;323;0.0;0.0;-0.8;-0.3;-5.6;-1.9;1522;1486;518.2;20.9;312.4;7.0
122.6574;34.7;;0.048933;;517;312;;;;;;;;;;;
122.6722;;14.7;;;;;;517;312;550;323;0.0;0.0;-0.8;-0.3;-5.6;-1.9;1522;1486;518.2;20.9;312.4;7.0
122.7065;34.4;;0.051328;;517;312;;;;;;;;;;;
122.7213;;14.7;;;;;;517;312;550;323;0.0;0.0;-0.8;-0.3;-5.6;-1.9;1522;1486;518.2;20.9;312.4;7.0
122.7555;34.3;;0.048933;;517;312;;;;;;;;;;;
122.7703;;14.8;;;;;;517;312;550;323;0.0;0.0;-0.8;-0.3;-5.6;-1.9;1522;1486;518.2;20.9;312.4;7.0
122.8045;34.2;;0.045168;;517;312;;;;;;;;;;;
122.8193;;14.8;;;;;;517;312;550;323;0.0;0.0;-0.8;-0.3;-5.6;-1.9;1522;1486;518.2;20.9;312.4;7.0
122.8535;34.2;;0.050986;;517;312;;;;;;;;;;;
122.8682;;14.7;;;;;;517;312;550;323;0.0;0.0;-0.8;-0.3;-5.6;-1.9;1522;1486;518.2;20.9;312.4;7.0
122.9026;34.4;;0.048933;;517;312;;;;;;;;;;;
122.9173;;14.7;;;;;;517;312;550;323;0.0;0.0;-0.8;-0.3;-5.6;-1.9;1522;1486;518.2;20.9;312.4;7.0
122.9517;34.4;;0.050301;;517;312;;;;;;;;;;;
122.9665;;14.7;;;;;;517;312;550;323;0.0;0.0;-0.8;-0.3;-5.6;-1.9;1522;1486;518.2;20.9;312.4;7.0
123.0004;34.0;;0.049275;;517;312;;;;;;;;;;;
123.0152;;14.7;;;;;;517;312;550;323;0.0;0.0;-0.8;-0.3;-5.6;-1.9;1522;1486;518.2;20.9;312.4;7.0
123.0461;30.9;;0.057829;;517;312;;;;;;;;;;;
123.0608;;14.7;;;;;;517;312;550;323;0.0;0.0;-0.8;-0.3;-5.6;-1.9;1522;1486;518.2;20.9;312.4;7.0
123.0987;37.9;;0.045853;;517;312;;;;;;;;;;;
123.1135;;14.7;;;;;;517;312;550;323;0.0;0.0;-0.8;-0.3;-5.6;-1.9;1522;1486;518.2;20.9;312.4;7.0
123.1477;34.2;;0.048590;;517;312;;;;;;;;;;;
123.1625;;14.7;;;;;;517;312;550;323;0.0;0.0;-0.8;-0.3;-5.6;-1.9;1522;1486;518.2;20.9;312.4;7.0
123.1965;34.1;;0.047906;;517;312;;;;;;;;;;;
123.2113;;14.7;;;;;;517;312;550;323;0.0;0.0;-0.8;-0.3;-5.6;-1.9;1522;1486;518.2;20.9;312.4;7.0
123.2455;34.3;;0.049617;;517;312;;;;;;;;;;;
123.2603;;14.7;;;;;;517;312;550;323;0.0;0.0;-0.8;-0.3;-5.6;-1.9;1522;1486;518.2;20.9;312.4;7.0
123.2945;34.3;;0.049275;;517;312;;;;;;;;;;;
123.3093;;14.7;;;;;;517;312;550;323;0.0;0.0;-0.8;-0.3;-5.6;-1.9;1522;1486;518.2;20.9;312.4;7.0
123.3437;34.4;;0.052697;;517;312;;;;;;;;;;;
123.3584;;14.7;;;;;;517;312;550;323;0.0;0.0;-0.8;-0.3;-5.6;-1.9;1522;1486;518.2;20.9;312.4;7.0
123.3926;34.2;;0.049959;;517;312;;;;;;;;;;;
123.4074;;14.7;;;;;;517;312;550;323;0.0;0.0;-0.8;-0.3;-5.6;-1.9;1522;1486;518.2;20.9;312.4;7.0
123.4417;34.3;;0.055434;;517;312;;;;;;;;;;;
123.4565;;14.7;;;;;;517;312;550;323;0.0;0.0;-0.8;-0.3;-5.6;-1.9;1522;1486;518.2;20.9;312.4;7.0
123.4907;34.2;;0.048933;;517;312;;;;;;;;;;;
123.5054;;14.7;;;;;;517;312;550;323;0.0;0.0;-0.8;-0.3;-5.6;-1.9;1522;1486;518.2;20.9;312.4;7.0
123.5395;34.1;;0.048248;;517;312;;;;;;;;;;;
123.5543;;14.7;;;;;;517;312;550;323;0.0;0.0;-0.8;-0.3;-5.6;-1.9;1522;1486;518.2;20.9;312.4;7.0
123.5887;34.4;;0.050643;;517;312;;;;;;;;;;;
123.6035;;14.8;;;;;;517;312;550;323;0.0;0.0;-0.8;-0.3;-5.6;-1.9;1522;1486;518.2;20.9;312.4;7.0
123.6375;34.0;;0.050301;;517;312;;;;;;;;;;;
123.6523;;14.8;;;;;;517;312;550;323;0.0;0.0;-0.8;-0.3;-5.6;-1.9;1522;1486;518.2;20.9;312.4;7.0
123.6864;34.1;;0.049617;;517;312;;;;;;;;;;;
123.7011;;14.7;;;;;;517;312;550;323;0.0;0.0;-0.8;-0.3;-5.6;-1.9;1522;1486;518.2;20.9;312.4;7.0
123.7359;34.8;;0.055092;;517;312;;;;;;;;;;;
123.7507;;14.7;;;;;;517;312;550;323;0.0;0.0;-0.8;-0.3;-5.6;-1.9;1522;1486;518.2;20.9;312.4;7.0
123.7811;30.4;;0.060225;;517;312;;;;;;;;;;;
123.7958;;14.7;;;;;;517;312;550;323;0.0;0.0;-0.8;-0.3;-5.6;-1.9;1522;1486;518.2;20.9;312.4;7.0
123.8300;34.1;;0.058514;;517;312;;;;;;;;;;;
123.8447;;14.7;;;;;;517;312;550;323;0.0;0.0;-0.8;-0.3;-5.6;-1.9;1522;1486;518.2;20.9;312.4;7.0
